Type of grid, Number of players, Number of teams, Type of players, winner, Depth, Coordonees Winner 

35x35,4,2,MaxN IA MaxN IA Paranoid IA MaxN IA ,MaxN IA,1 1 1 1 ,x=22 y=25
35x35,4,2,MaxN IA MaxN IA Paranoid IA MaxN IA ,MaxN IA,1 1 1 1 ,x=22 y=25
35x35,4,2,MaxN IA MaxN IA Paranoid IA MaxN IA ,MaxN IA,1 1 1 1 ,x=22 y=25
35x35,4,2,MaxN IA MaxN IA Paranoid IA MaxN IA ,MaxN IA,1 1 1 1 ,x=22 y=25
35x35,4,2,MaxN IA MaxN IA Paranoid IA MaxN IA ,MaxN IA,1 1 1 1 ,x=21 y=24
35x35,4,2,MaxN IA MaxN IA Paranoid IA MaxN IA ,MaxN IA,1 1 1 1 ,x=22 y=25
35x35,4,2,MaxN IA MaxN IA Paranoid IA MaxN IA ,MaxN IA,1 1 1 1 ,x=22 y=25
35x35,4,2,MaxN IA MaxN IA Paranoid IA MaxN IA ,MaxN IA,1 1 1 1 ,x=21 y=24
35x35,4,2,MaxN IA MaxN IA Paranoid IA MaxN IA ,MaxN IA,1 1 1 1 ,x=22 y=25
35x35,4,2,MaxN IA MaxN IA Paranoid IA MaxN IA ,MaxN IA,1 1 1 1 ,x=21 y=24
35x35,4,2,MaxN IA MaxN IA Paranoid IA MaxN IA ,MaxN IA,1 1 1 1 ,x=22 y=25
35x35,4,2,MaxN IA MaxN IA Paranoid IA MaxN IA ,MaxN IA,1 1 1 1 ,x=22 y=25
35x35,4,2,MaxN IA MaxN IA Paranoid IA MaxN IA ,MaxN IA,1 1 1 1 ,x=22 y=25
35x35,4,2,MaxN IA MaxN IA Paranoid IA MaxN IA ,MaxN IA,1 1 1 1 ,x=22 y=25
35x35,4,2,MaxN IA MaxN IA Paranoid IA MaxN IA ,MaxN IA,1 1 1 1 ,x=22 y=25
35x35,4,2,MaxN IA MaxN IA Paranoid IA MaxN IA ,MaxN IA,1 1 1 1 ,x=22 y=25
35x35,4,2,MaxN IA MaxN IA Paranoid IA MaxN IA ,MaxN IA,1 1 1 1 ,x=22 y=25
35x35,4,2,MaxN IA MaxN IA Paranoid IA MaxN IA ,MaxN IA,1 1 1 1 ,x=22 y=25
35x35,4,2,MaxN IA MaxN IA Paranoid IA MaxN IA ,MaxN IA,1 1 1 1 ,x=22 y=25
35x35,4,2,MaxN IA MaxN IA Paranoid IA MaxN IA ,MaxN IA,1 1 1 1 ,x=22 y=25
35x35,4,2,MaxN IA MaxN IA Paranoid IA MaxN IA ,MaxN IA,1 1 1 1 ,x=22 y=25
35x35,4,2,MaxN IA MaxN IA Paranoid IA MaxN IA ,MaxN IA,1 1 1 1 ,x=21 y=24
35x35,4,2,MaxN IA MaxN IA Paranoid IA MaxN IA ,MaxN IA,1 1 1 1 ,x=22 y=25
35x35,4,2,MaxN IA MaxN IA Paranoid IA MaxN IA ,MaxN IA,1 1 1 1 ,x=22 y=25
35x35,4,2,MaxN IA MaxN IA Paranoid IA MaxN IA ,MaxN IA,1 1 1 1 ,x=22 y=25
35x35,4,2,MaxN IA MaxN IA Paranoid IA MaxN IA ,MaxN IA,1 1 1 1 ,x=22 y=25
35x35,4,2,MaxN IA MaxN IA Paranoid IA MaxN IA ,MaxN IA,1 1 1 1 ,x=22 y=25
35x35,4,2,MaxN IA MaxN IA Paranoid IA MaxN IA ,MaxN IA,1 1 1 1 ,x=21 y=24
35x35,4,2,MaxN IA MaxN IA Paranoid IA MaxN IA ,MaxN IA,1 1 1 1 ,x=22 y=25
35x35,4,2,MaxN IA MaxN IA Paranoid IA MaxN IA ,MaxN IA,1 1 1 1 ,x=22 y=25
35x35,4,2,MaxN IA MaxN IA Paranoid IA MaxN IA ,MaxN IA,1 1 1 1 ,x=22 y=25
35x35,4,2,MaxN IA MaxN IA Paranoid IA MaxN IA ,MaxN IA,1 1 1 1 ,x=22 y=25
35x35,4,2,MaxN IA MaxN IA Paranoid IA MaxN IA ,MaxN IA,1 1 1 1 ,x=22 y=25
35x35,4,2,MaxN IA MaxN IA Paranoid IA MaxN IA ,MaxN IA,1 1 1 1 ,x=22 y=25
35x35,4,2,MaxN IA MaxN IA Paranoid IA MaxN IA ,MaxN IA,1 1 1 1 ,x=22 y=25
35x35,4,2,MaxN IA MaxN IA Paranoid IA MaxN IA ,MaxN IA,1 1 1 1 ,x=22 y=25
35x35,4,2,MaxN IA MaxN IA Paranoid IA MaxN IA ,MaxN IA,1 1 1 1 ,x=22 y=25
35x35,4,2,MaxN IA MaxN IA Paranoid IA MaxN IA ,MaxN IA,1 1 1 1 ,x=21 y=24
35x35,4,2,MaxN IA MaxN IA Paranoid IA MaxN IA ,MaxN IA,1 1 1 1 ,x=22 y=25
35x35,4,2,MaxN IA MaxN IA Paranoid IA MaxN IA ,MaxN IA,1 1 1 1 ,x=22 y=25
35x35,4,2,MaxN IA MaxN IA Paranoid IA MaxN IA ,MaxN IA,1 1 1 1 ,x=22 y=25
35x35,4,2,MaxN IA MaxN IA Paranoid IA MaxN IA ,MaxN IA,1 1 1 1 ,x=22 y=25
35x35,4,2,MaxN IA MaxN IA Paranoid IA MaxN IA ,MaxN IA,1 1 1 1 ,x=21 y=24
35x35,4,2,MaxN IA MaxN IA Paranoid IA MaxN IA ,MaxN IA,1 1 1 1 ,x=22 y=25
35x35,4,2,MaxN IA MaxN IA Paranoid IA MaxN IA ,MaxN IA,1 1 1 1 ,x=21 y=24
35x35,4,2,MaxN IA MaxN IA Paranoid IA MaxN IA ,MaxN IA,1 1 1 1 ,x=21 y=24
35x35,4,2,MaxN IA MaxN IA Paranoid IA MaxN IA ,MaxN IA,1 1 1 1 ,x=22 y=25
35x35,4,2,MaxN IA MaxN IA Paranoid IA MaxN IA ,MaxN IA,1 1 1 1 ,x=21 y=24
35x35,4,2,MaxN IA MaxN IA Paranoid IA MaxN IA ,MaxN IA,1 1 1 1 ,x=22 y=25
35x35,4,2,MaxN IA MaxN IA Paranoid IA MaxN IA ,MaxN IA,1 1 1 1 ,x=22 y=25
35x35,4,2,MaxN IA MaxN IA Paranoid IA MaxN IA ,MaxN IA,1 1 1 1 ,x=22 y=25
35x35,4,2,MaxN IA MaxN IA Paranoid IA MaxN IA ,MaxN IA,1 1 1 1 ,x=22 y=25
35x35,4,2,MaxN IA MaxN IA Paranoid IA MaxN IA ,MaxN IA,1 1 1 1 ,x=22 y=25
35x35,4,2,MaxN IA MaxN IA Paranoid IA MaxN IA ,MaxN IA,1 1 1 1 ,x=22 y=25
35x35,4,2,MaxN IA MaxN IA Paranoid IA MaxN IA ,MaxN IA,1 1 1 1 ,x=22 y=25
35x35,4,2,MaxN IA MaxN IA Paranoid IA MaxN IA ,MaxN IA,1 1 1 1 ,x=21 y=24
35x35,4,2,MaxN IA MaxN IA Paranoid IA MaxN IA ,MaxN IA,1 1 1 1 ,x=22 y=25
35x35,4,2,MaxN IA MaxN IA Paranoid IA MaxN IA ,MaxN IA,1 1 1 1 ,x=22 y=25
35x35,4,2,MaxN IA MaxN IA Paranoid IA MaxN IA ,MaxN IA,1 1 1 1 ,x=22 y=25
35x35,4,2,MaxN IA MaxN IA Paranoid IA MaxN IA ,MaxN IA,1 1 1 1 ,x=22 y=25
35x35,4,2,MaxN IA MaxN IA Paranoid IA MaxN IA ,MaxN IA,1 1 1 1 ,x=22 y=25
35x35,4,2,MaxN IA MaxN IA Paranoid IA MaxN IA ,MaxN IA,1 1 1 1 ,x=21 y=24
35x35,4,2,MaxN IA MaxN IA Paranoid IA MaxN IA ,MaxN IA,1 1 1 1 ,x=22 y=25
35x35,4,2,MaxN IA MaxN IA Paranoid IA MaxN IA ,MaxN IA,1 1 1 1 ,x=21 y=24
35x35,4,2,MaxN IA MaxN IA Paranoid IA MaxN IA ,MaxN IA,1 1 1 1 ,x=22 y=25
35x35,4,2,MaxN IA MaxN IA Paranoid IA MaxN IA ,MaxN IA,1 1 1 1 ,x=22 y=25
35x35,4,2,MaxN IA MaxN IA Paranoid IA MaxN IA ,MaxN IA,1 1 1 1 ,x=22 y=25
35x35,4,2,MaxN IA MaxN IA Paranoid IA MaxN IA ,MaxN IA,1 1 1 1 ,x=22 y=25
35x35,4,2,MaxN IA MaxN IA Paranoid IA MaxN IA ,MaxN IA,1 1 1 1 ,x=21 y=24
35x35,4,2,MaxN IA MaxN IA Paranoid IA MaxN IA ,MaxN IA,1 1 1 1 ,x=22 y=25
35x35,4,2,MaxN IA MaxN IA Paranoid IA MaxN IA ,MaxN IA,1 1 1 1 ,x=22 y=25
35x35,4,2,MaxN IA MaxN IA Paranoid IA MaxN IA ,MaxN IA,1 1 1 1 ,x=22 y=25
35x35,4,2,MaxN IA MaxN IA Paranoid IA MaxN IA ,MaxN IA,1 1 1 1 ,x=22 y=25
35x35,4,2,MaxN IA MaxN IA Paranoid IA MaxN IA ,Paranoid IA,1 1 1 1 ,x=16 y=5
35x35,4,2,MaxN IA MaxN IA Paranoid IA MaxN IA ,MaxN IA,1 1 1 1 ,x=21 y=24
35x35,4,2,MaxN IA MaxN IA Paranoid IA MaxN IA ,Paranoid IA,1 1 1 1 ,x=16 y=5
35x35,4,2,MaxN IA MaxN IA Paranoid IA MaxN IA ,MaxN IA,1 1 1 1 ,x=22 y=25
35x35,4,2,MaxN IA MaxN IA Paranoid IA MaxN IA ,MaxN IA,1 1 1 1 ,x=22 y=25
35x35,4,2,MaxN IA MaxN IA Paranoid IA MaxN IA ,MaxN IA,1 1 1 1 ,x=21 y=24
35x35,4,2,MaxN IA MaxN IA Paranoid IA MaxN IA ,MaxN IA,1 1 1 1 ,x=22 y=25
35x35,4,2,MaxN IA MaxN IA Paranoid IA MaxN IA ,MaxN IA,1 1 1 1 ,x=22 y=25
35x35,4,2,MaxN IA MaxN IA Paranoid IA MaxN IA ,MaxN IA,1 1 1 1 ,x=22 y=25
35x35,4,2,MaxN IA MaxN IA Paranoid IA MaxN IA ,MaxN IA,1 1 1 1 ,x=22 y=25
35x35,4,2,MaxN IA MaxN IA Paranoid IA MaxN IA ,MaxN IA,1 1 1 1 ,x=22 y=25
35x35,4,2,MaxN IA MaxN IA Paranoid IA MaxN IA ,MaxN IA,1 1 1 1 ,x=22 y=25
35x35,4,2,MaxN IA MaxN IA Paranoid IA MaxN IA ,MaxN IA,1 1 1 1 ,x=21 y=24
35x35,4,2,MaxN IA MaxN IA Paranoid IA MaxN IA ,MaxN IA,1 1 1 1 ,x=21 y=24
35x35,4,2,MaxN IA MaxN IA Paranoid IA MaxN IA ,MaxN IA,1 1 1 1 ,x=22 y=25
35x35,4,2,MaxN IA MaxN IA Paranoid IA MaxN IA ,MaxN IA,1 1 1 1 ,x=22 y=25
35x35,4,2,MaxN IA MaxN IA Paranoid IA MaxN IA ,MaxN IA,1 1 1 1 ,x=22 y=25
35x35,4,2,MaxN IA MaxN IA Paranoid IA MaxN IA ,MaxN IA,1 1 1 1 ,x=21 y=24
35x35,4,2,MaxN IA MaxN IA Paranoid IA MaxN IA ,MaxN IA,1 1 1 1 ,x=21 y=24
35x35,4,2,MaxN IA MaxN IA Paranoid IA MaxN IA ,MaxN IA,1 1 1 1 ,x=22 y=25
35x35,4,2,MaxN IA MaxN IA Paranoid IA MaxN IA ,MaxN IA,1 1 1 1 ,x=22 y=25
35x35,4,2,MaxN IA MaxN IA Paranoid IA MaxN IA ,MaxN IA,1 1 1 1 ,x=21 y=24
35x35,4,2,MaxN IA MaxN IA Paranoid IA MaxN IA ,MaxN IA,1 1 1 1 ,x=22 y=25
35x35,4,2,MaxN IA MaxN IA Paranoid IA MaxN IA ,MaxN IA,1 1 1 1 ,x=22 y=25
35x35,4,2,MaxN IA MaxN IA Paranoid IA MaxN IA ,MaxN IA,1 1 1 1 ,x=22 y=25
35x35,4,2,MaxN IA MaxN IA Paranoid IA MaxN IA ,MaxN IA,1 1 1 1 ,x=22 y=25
35x35,4,2,MaxN IA MaxN IA Paranoid IA MaxN IA ,MaxN IA,1 1 1 1 ,x=21 y=24
35x35,4,2,MaxN IA MaxN IA Paranoid IA MaxN IA ,MaxN IA,1 1 1 1 ,x=22 y=25
35x35,4,2,MaxN IA MaxN IA Paranoid IA MaxN IA ,MaxN IA,1 1 1 1 ,x=22 y=25
35x35,4,2,MaxN IA MaxN IA Paranoid IA MaxN IA ,MaxN IA,1 1 1 1 ,x=22 y=25
35x35,4,2,MaxN IA MaxN IA Paranoid IA MaxN IA ,MaxN IA,1 1 1 1 ,x=22 y=25
35x35,4,2,MaxN IA MaxN IA Paranoid IA MaxN IA ,MaxN IA,1 1 1 1 ,x=22 y=25
35x35,4,2,MaxN IA MaxN IA Paranoid IA MaxN IA ,MaxN IA,1 1 1 1 ,x=22 y=25
35x35,4,2,MaxN IA MaxN IA Paranoid IA MaxN IA ,MaxN IA,1 1 1 1 ,x=22 y=25
35x35,4,2,MaxN IA MaxN IA Paranoid IA MaxN IA ,MaxN IA,1 1 1 1 ,x=22 y=25
35x35,4,2,MaxN IA MaxN IA Paranoid IA MaxN IA ,MaxN IA,1 1 1 1 ,x=22 y=25
35x35,4,2,MaxN IA MaxN IA Paranoid IA MaxN IA ,MaxN IA,1 1 1 1 ,x=22 y=25
35x35,4,2,MaxN IA MaxN IA Paranoid IA MaxN IA ,MaxN IA,1 1 1 1 ,x=22 y=25
35x35,4,2,MaxN IA MaxN IA Paranoid IA MaxN IA ,MaxN IA,1 1 1 1 ,x=21 y=24
35x35,4,2,MaxN IA MaxN IA Paranoid IA MaxN IA ,MaxN IA,1 1 1 1 ,x=22 y=25
35x35,4,2,MaxN IA MaxN IA Paranoid IA MaxN IA ,MaxN IA,1 1 1 1 ,x=22 y=25
35x35,4,2,MaxN IA MaxN IA Paranoid IA MaxN IA ,MaxN IA,1 1 1 1 ,x=21 y=24
35x35,4,2,MaxN IA MaxN IA Paranoid IA MaxN IA ,MaxN IA,1 1 1 1 ,x=22 y=25
35x35,4,2,MaxN IA MaxN IA Paranoid IA MaxN IA ,MaxN IA,1 1 1 1 ,x=22 y=25
35x35,4,2,MaxN IA MaxN IA Paranoid IA MaxN IA ,MaxN IA,1 1 1 1 ,x=22 y=25
35x35,4,2,MaxN IA MaxN IA Paranoid IA MaxN IA ,MaxN IA,1 1 1 1 ,x=21 y=24
35x35,4,2,MaxN IA MaxN IA Paranoid IA MaxN IA ,MaxN IA,1 1 1 1 ,x=22 y=25
35x35,4,2,MaxN IA MaxN IA Paranoid IA MaxN IA ,MaxN IA,1 1 1 1 ,x=21 y=24
35x35,4,2,MaxN IA MaxN IA Paranoid IA MaxN IA ,MaxN IA,1 1 1 1 ,x=22 y=25
35x35,4,2,MaxN IA MaxN IA Paranoid IA MaxN IA ,MaxN IA,1 1 1 1 ,x=22 y=25
35x35,4,2,MaxN IA MaxN IA Paranoid IA MaxN IA ,MaxN IA,1 1 1 1 ,x=21 y=24
35x35,4,2,MaxN IA MaxN IA Paranoid IA MaxN IA ,MaxN IA,1 1 1 1 ,x=21 y=24
35x35,4,2,MaxN IA MaxN IA Paranoid IA MaxN IA ,MaxN IA,1 1 1 1 ,x=21 y=24
35x35,4,2,MaxN IA MaxN IA Paranoid IA MaxN IA ,MaxN IA,1 1 1 1 ,x=22 y=25
35x35,4,2,MaxN IA MaxN IA Paranoid IA MaxN IA ,MaxN IA,1 1 1 1 ,x=22 y=25
35x35,4,2,MaxN IA MaxN IA Paranoid IA MaxN IA ,MaxN IA,1 1 1 1 ,x=22 y=25
35x35,4,2,MaxN IA MaxN IA Paranoid IA MaxN IA ,MaxN IA,1 1 1 1 ,x=21 y=24
35x35,4,2,MaxN IA MaxN IA Paranoid IA MaxN IA ,MaxN IA,1 1 1 1 ,x=22 y=25
35x35,4,2,MaxN IA MaxN IA Paranoid IA MaxN IA ,MaxN IA,1 1 1 1 ,x=22 y=25
35x35,4,2,MaxN IA MaxN IA Paranoid IA MaxN IA ,MaxN IA,1 1 1 1 ,x=22 y=25
35x35,4,2,MaxN IA MaxN IA Paranoid IA MaxN IA ,MaxN IA,1 1 1 1 ,x=22 y=25
35x35,4,2,MaxN IA MaxN IA Paranoid IA MaxN IA ,MaxN IA,1 1 1 1 ,x=22 y=25
35x35,4,2,MaxN IA MaxN IA Paranoid IA MaxN IA ,MaxN IA,1 1 1 1 ,x=21 y=24
35x35,4,2,MaxN IA MaxN IA Paranoid IA MaxN IA ,MaxN IA,1 1 1 1 ,x=22 y=25
35x35,4,2,MaxN IA MaxN IA Paranoid IA MaxN IA ,MaxN IA,1 1 1 1 ,x=22 y=25
35x35,4,2,MaxN IA MaxN IA Paranoid IA MaxN IA ,MaxN IA,1 1 1 1 ,x=22 y=25
35x35,4,2,MaxN IA MaxN IA Paranoid IA MaxN IA ,MaxN IA,1 1 1 1 ,x=22 y=25
35x35,4,2,MaxN IA MaxN IA Paranoid IA MaxN IA ,MaxN IA,1 1 1 1 ,x=22 y=25
35x35,4,2,MaxN IA MaxN IA Paranoid IA MaxN IA ,MaxN IA,1 1 1 1 ,x=22 y=25
35x35,4,2,MaxN IA MaxN IA Paranoid IA MaxN IA ,MaxN IA,1 1 1 1 ,x=21 y=24
35x35,4,2,MaxN IA MaxN IA Paranoid IA MaxN IA ,MaxN IA,1 1 1 1 ,x=21 y=24
35x35,4,2,MaxN IA MaxN IA Paranoid IA MaxN IA ,MaxN IA,1 1 1 1 ,x=21 y=24
35x35,4,2,MaxN IA MaxN IA Paranoid IA MaxN IA ,MaxN IA,1 1 1 1 ,x=22 y=25
35x35,4,2,MaxN IA MaxN IA Paranoid IA MaxN IA ,MaxN IA,1 1 1 1 ,x=21 y=24
35x35,4,2,MaxN IA MaxN IA Paranoid IA MaxN IA ,MaxN IA,1 1 1 1 ,x=22 y=25
35x35,4,2,MaxN IA MaxN IA Paranoid IA MaxN IA ,MaxN IA,1 1 1 1 ,x=21 y=24
35x35,4,2,MaxN IA MaxN IA Paranoid IA MaxN IA ,MaxN IA,1 1 1 1 ,x=21 y=24
35x35,4,2,MaxN IA MaxN IA Paranoid IA MaxN IA ,MaxN IA,2 2 2 2 ,x=6 y=21
35x35,4,2,MaxN IA MaxN IA Paranoid IA MaxN IA ,MaxN IA,2 2 2 2 ,x=6 y=21
35x35,4,2,MaxN IA MaxN IA Paranoid IA MaxN IA ,MaxN IA,2 2 2 2 ,x=6 y=21
35x35,4,2,MaxN IA MaxN IA Paranoid IA MaxN IA ,MaxN IA,2 2 2 2 ,x=6 y=21
35x35,4,2,MaxN IA MaxN IA Paranoid IA MaxN IA ,Paranoid IA,2 2 2 2 ,x=26 y=20
35x35,4,2,MaxN IA MaxN IA Paranoid IA MaxN IA ,MaxN IA,2 2 2 2 ,x=6 y=21
35x35,4,2,MaxN IA MaxN IA Paranoid IA MaxN IA ,MaxN IA,2 2 2 2 ,x=6 y=21
35x35,4,2,MaxN IA MaxN IA Paranoid IA MaxN IA ,MaxN IA,2 2 2 2 ,x=6 y=21
35x35,4,2,MaxN IA MaxN IA Paranoid IA MaxN IA ,MaxN IA,2 2 2 2 ,x=6 y=21
35x35,4,2,MaxN IA MaxN IA Paranoid IA MaxN IA ,MaxN IA,2 2 2 2 ,x=16 y=5
35x35,4,2,MaxN IA MaxN IA Paranoid IA MaxN IA ,MaxN IA,2 2 2 2 ,x=6 y=21
35x35,4,2,MaxN IA MaxN IA Paranoid IA MaxN IA ,MaxN IA,2 2 2 2 ,x=6 y=21
35x35,4,2,MaxN IA MaxN IA Paranoid IA MaxN IA ,MaxN IA,2 2 2 2 ,x=6 y=21
35x35,4,2,MaxN IA MaxN IA Paranoid IA MaxN IA ,MaxN IA,2 2 2 2 ,x=6 y=21
35x35,4,2,MaxN IA MaxN IA Paranoid IA MaxN IA ,MaxN IA,2 2 2 2 ,x=6 y=21
35x35,4,2,MaxN IA MaxN IA Paranoid IA MaxN IA ,MaxN IA,2 2 2 2 ,x=6 y=21
35x35,4,2,MaxN IA MaxN IA Paranoid IA MaxN IA ,MaxN IA,2 2 2 2 ,x=6 y=21
35x35,4,2,MaxN IA MaxN IA Paranoid IA MaxN IA ,MaxN IA,2 2 2 2 ,x=6 y=21
35x35,4,2,MaxN IA MaxN IA Paranoid IA MaxN IA ,MaxN IA,2 2 2 2 ,x=16 y=5
35x35,4,2,MaxN IA MaxN IA Paranoid IA MaxN IA ,MaxN IA,2 2 2 2 ,x=6 y=21
35x35,4,2,MaxN IA MaxN IA Paranoid IA MaxN IA ,MaxN IA,2 2 2 2 ,x=16 y=5
35x35,4,2,MaxN IA MaxN IA Paranoid IA MaxN IA ,MaxN IA,2 2 2 2 ,x=6 y=21
35x35,4,2,MaxN IA MaxN IA Paranoid IA MaxN IA ,MaxN IA,2 2 2 2 ,x=6 y=21
35x35,4,2,MaxN IA MaxN IA Paranoid IA MaxN IA ,MaxN IA,2 2 2 2 ,x=6 y=21
35x35,4,2,MaxN IA MaxN IA Paranoid IA MaxN IA ,MaxN IA,2 2 2 2 ,x=6 y=21
35x35,4,2,MaxN IA MaxN IA Paranoid IA MaxN IA ,MaxN IA,2 2 2 2 ,x=6 y=21
35x35,4,2,MaxN IA MaxN IA Paranoid IA MaxN IA ,MaxN IA,2 2 2 2 ,x=6 y=21
35x35,4,2,MaxN IA MaxN IA Paranoid IA MaxN IA ,MaxN IA,2 2 2 2 ,x=16 y=5
35x35,4,2,MaxN IA MaxN IA Paranoid IA MaxN IA ,MaxN IA,2 2 2 2 ,x=6 y=21
35x35,4,2,MaxN IA MaxN IA Paranoid IA MaxN IA ,MaxN IA,2 2 2 2 ,x=6 y=21
35x35,4,2,MaxN IA MaxN IA Paranoid IA MaxN IA ,MaxN IA,2 2 2 2 ,x=6 y=21
35x35,4,2,MaxN IA MaxN IA Paranoid IA MaxN IA ,MaxN IA,2 2 2 2 ,x=6 y=21
35x35,4,2,MaxN IA MaxN IA Paranoid IA MaxN IA ,MaxN IA,2 2 2 2 ,x=6 y=21
35x35,4,2,MaxN IA MaxN IA Paranoid IA MaxN IA ,MaxN IA,2 2 2 2 ,x=6 y=21
35x35,4,2,MaxN IA MaxN IA Paranoid IA MaxN IA ,MaxN IA,2 2 2 2 ,x=6 y=21
35x35,4,2,MaxN IA MaxN IA Paranoid IA MaxN IA ,MaxN IA,2 2 2 2 ,x=6 y=21
35x35,4,2,MaxN IA MaxN IA Paranoid IA MaxN IA ,MaxN IA,2 2 2 2 ,x=6 y=21
35x35,4,2,MaxN IA MaxN IA Paranoid IA MaxN IA ,MaxN IA,2 2 2 2 ,x=16 y=5
35x35,4,2,MaxN IA MaxN IA Paranoid IA MaxN IA ,MaxN IA,2 2 2 2 ,x=6 y=21
35x35,4,2,MaxN IA MaxN IA Paranoid IA MaxN IA ,MaxN IA,2 2 2 2 ,x=6 y=21
35x35,4,2,MaxN IA MaxN IA Paranoid IA MaxN IA ,MaxN IA,2 2 2 2 ,x=6 y=21
35x35,4,2,MaxN IA MaxN IA Paranoid IA MaxN IA ,MaxN IA,2 2 2 2 ,x=16 y=5
35x35,4,2,MaxN IA MaxN IA Paranoid IA MaxN IA ,MaxN IA,2 2 2 2 ,x=6 y=21
35x35,4,2,MaxN IA MaxN IA Paranoid IA MaxN IA ,MaxN IA,2 2 2 2 ,x=16 y=5
35x35,4,2,MaxN IA MaxN IA Paranoid IA MaxN IA ,MaxN IA,2 2 2 2 ,x=6 y=21
35x35,4,2,MaxN IA MaxN IA Paranoid IA MaxN IA ,MaxN IA,2 2 2 2 ,x=6 y=21
35x35,4,2,MaxN IA MaxN IA Paranoid IA MaxN IA ,MaxN IA,2 2 2 2 ,x=16 y=5
35x35,4,2,MaxN IA MaxN IA Paranoid IA MaxN IA ,MaxN IA,2 2 2 2 ,x=16 y=5
35x35,4,2,MaxN IA MaxN IA Paranoid IA MaxN IA ,MaxN IA,2 2 2 2 ,x=6 y=21
35x35,4,2,MaxN IA MaxN IA Paranoid IA MaxN IA ,MaxN IA,2 2 2 2 ,x=6 y=21
35x35,4,2,MaxN IA MaxN IA Paranoid IA MaxN IA ,MaxN IA,2 2 2 2 ,x=6 y=21
35x35,4,2,MaxN IA MaxN IA Paranoid IA MaxN IA ,MaxN IA,2 2 2 2 ,x=6 y=21
35x35,4,2,MaxN IA MaxN IA Paranoid IA MaxN IA ,MaxN IA,2 2 2 2 ,x=6 y=21
35x35,4,2,MaxN IA MaxN IA Paranoid IA MaxN IA ,MaxN IA,2 2 2 2 ,x=6 y=21
35x35,4,2,MaxN IA MaxN IA Paranoid IA MaxN IA ,MaxN IA,2 2 2 2 ,x=6 y=21
35x35,4,2,MaxN IA MaxN IA Paranoid IA MaxN IA ,MaxN IA,2 2 2 2 ,x=6 y=21
35x35,4,2,MaxN IA MaxN IA Paranoid IA MaxN IA ,MaxN IA,2 2 2 2 ,x=6 y=21
35x35,4,2,MaxN IA MaxN IA Paranoid IA MaxN IA ,MaxN IA,2 2 2 2 ,x=6 y=21
35x35,4,2,MaxN IA MaxN IA Paranoid IA MaxN IA ,MaxN IA,2 2 2 2 ,x=6 y=21
35x35,4,2,MaxN IA MaxN IA Paranoid IA MaxN IA ,MaxN IA,2 2 2 2 ,x=16 y=5
35x35,4,2,MaxN IA MaxN IA Paranoid IA MaxN IA ,MaxN IA,2 2 2 2 ,x=6 y=21
35x35,4,2,MaxN IA MaxN IA Paranoid IA MaxN IA ,MaxN IA,2 2 2 2 ,x=6 y=21
35x35,4,2,MaxN IA MaxN IA Paranoid IA MaxN IA ,MaxN IA,2 2 2 2 ,x=16 y=5
35x35,4,2,MaxN IA MaxN IA Paranoid IA MaxN IA ,MaxN IA,2 2 2 2 ,x=6 y=21
35x35,4,2,MaxN IA MaxN IA Paranoid IA MaxN IA ,MaxN IA,2 2 2 2 ,x=6 y=21
35x35,4,2,MaxN IA MaxN IA Paranoid IA MaxN IA ,MaxN IA,2 2 2 2 ,x=6 y=21
35x35,4,2,MaxN IA MaxN IA Paranoid IA MaxN IA ,MaxN IA,2 2 2 2 ,x=6 y=21
35x35,4,2,MaxN IA MaxN IA Paranoid IA MaxN IA ,MaxN IA,2 2 2 2 ,x=6 y=21
35x35,4,2,MaxN IA MaxN IA Paranoid IA MaxN IA ,MaxN IA,2 2 2 2 ,x=6 y=21
35x35,4,2,MaxN IA MaxN IA Paranoid IA MaxN IA ,MaxN IA,2 2 2 2 ,x=6 y=21
35x35,4,2,MaxN IA MaxN IA Paranoid IA MaxN IA ,MaxN IA,2 2 2 2 ,x=6 y=21
35x35,4,2,MaxN IA MaxN IA Paranoid IA MaxN IA ,MaxN IA,2 2 2 2 ,x=6 y=21
35x35,4,2,MaxN IA MaxN IA Paranoid IA MaxN IA ,MaxN IA,2 2 2 2 ,x=6 y=21
35x35,4,2,MaxN IA MaxN IA Paranoid IA MaxN IA ,MaxN IA,2 2 2 2 ,x=6 y=21
35x35,4,2,MaxN IA MaxN IA Paranoid IA MaxN IA ,MaxN IA,2 2 2 2 ,x=6 y=21
35x35,4,2,MaxN IA MaxN IA Paranoid IA MaxN IA ,MaxN IA,2 2 2 2 ,x=6 y=21
35x35,4,2,MaxN IA MaxN IA Paranoid IA MaxN IA ,MaxN IA,2 2 2 2 ,x=6 y=21
35x35,4,2,MaxN IA MaxN IA Paranoid IA MaxN IA ,MaxN IA,2 2 2 2 ,x=6 y=21
35x35,4,2,MaxN IA MaxN IA Paranoid IA MaxN IA ,MaxN IA,2 2 2 2 ,x=6 y=21
35x35,4,2,MaxN IA MaxN IA Paranoid IA MaxN IA ,MaxN IA,2 2 2 2 ,x=16 y=5
35x35,4,2,MaxN IA MaxN IA Paranoid IA MaxN IA ,MaxN IA,2 2 2 2 ,x=16 y=5
35x35,4,2,MaxN IA MaxN IA Paranoid IA MaxN IA ,MaxN IA,2 2 2 2 ,x=16 y=5
35x35,4,2,MaxN IA MaxN IA Paranoid IA MaxN IA ,MaxN IA,2 2 2 2 ,x=6 y=21
35x35,4,2,MaxN IA MaxN IA Paranoid IA MaxN IA ,MaxN IA,2 2 2 2 ,x=6 y=21
35x35,4,2,MaxN IA MaxN IA Paranoid IA MaxN IA ,MaxN IA,2 2 2 2 ,x=6 y=21
35x35,4,2,MaxN IA MaxN IA Paranoid IA MaxN IA ,MaxN IA,2 2 2 2 ,x=16 y=5
35x35,4,2,MaxN IA MaxN IA Paranoid IA MaxN IA ,MaxN IA,2 2 2 2 ,x=6 y=21
35x35,4,2,MaxN IA MaxN IA Paranoid IA MaxN IA ,MaxN IA,2 2 2 2 ,x=16 y=5
35x35,4,2,MaxN IA MaxN IA Paranoid IA MaxN IA ,MaxN IA,2 2 2 2 ,x=6 y=21
35x35,4,2,MaxN IA MaxN IA Paranoid IA MaxN IA ,MaxN IA,2 2 2 2 ,x=6 y=21
35x35,4,2,MaxN IA MaxN IA Paranoid IA MaxN IA ,MaxN IA,2 2 2 2 ,x=16 y=5
35x35,4,2,MaxN IA MaxN IA Paranoid IA MaxN IA ,MaxN IA,2 2 2 2 ,x=6 y=21
35x35,4,2,MaxN IA MaxN IA Paranoid IA MaxN IA ,MaxN IA,2 2 2 2 ,x=6 y=21
35x35,4,2,MaxN IA MaxN IA Paranoid IA MaxN IA ,MaxN IA,2 2 2 2 ,x=6 y=21
35x35,4,2,MaxN IA MaxN IA Paranoid IA MaxN IA ,MaxN IA,2 2 2 2 ,x=16 y=5
35x35,4,2,MaxN IA MaxN IA Paranoid IA MaxN IA ,MaxN IA,2 2 2 2 ,x=6 y=21
35x35,4,2,MaxN IA MaxN IA Paranoid IA MaxN IA ,MaxN IA,2 2 2 2 ,x=6 y=21
35x35,4,2,MaxN IA MaxN IA Paranoid IA MaxN IA ,MaxN IA,2 2 2 2 ,x=6 y=21
35x35,4,2,MaxN IA MaxN IA Paranoid IA MaxN IA ,MaxN IA,2 2 2 2 ,x=6 y=21
35x35,4,2,MaxN IA MaxN IA Paranoid IA MaxN IA ,MaxN IA,2 2 2 2 ,x=6 y=21
35x35,4,2,MaxN IA MaxN IA Paranoid IA MaxN IA ,MaxN IA,2 2 2 2 ,x=16 y=5
35x35,4,2,MaxN IA MaxN IA Paranoid IA MaxN IA ,MaxN IA,2 2 2 2 ,x=6 y=21
35x35,4,2,MaxN IA MaxN IA Paranoid IA MaxN IA ,MaxN IA,2 2 2 2 ,x=6 y=21
35x35,4,2,MaxN IA MaxN IA Paranoid IA MaxN IA ,MaxN IA,2 2 2 2 ,x=6 y=21
35x35,4,2,MaxN IA MaxN IA Paranoid IA MaxN IA ,MaxN IA,2 2 2 2 ,x=6 y=21
35x35,4,2,MaxN IA MaxN IA Paranoid IA MaxN IA ,MaxN IA,2 2 2 2 ,x=16 y=5
35x35,4,2,MaxN IA MaxN IA Paranoid IA MaxN IA ,MaxN IA,2 2 2 2 ,x=16 y=5
35x35,4,2,MaxN IA MaxN IA Paranoid IA MaxN IA ,MaxN IA,2 2 2 2 ,x=6 y=21
35x35,4,2,MaxN IA MaxN IA Paranoid IA MaxN IA ,MaxN IA,2 2 2 2 ,x=16 y=5
35x35,4,2,MaxN IA MaxN IA Paranoid IA MaxN IA ,MaxN IA,2 2 2 2 ,x=6 y=21
35x35,4,2,MaxN IA MaxN IA Paranoid IA MaxN IA ,MaxN IA,2 2 2 2 ,x=6 y=21
35x35,4,2,MaxN IA MaxN IA Paranoid IA MaxN IA ,MaxN IA,2 2 2 2 ,x=6 y=21
35x35,4,2,MaxN IA MaxN IA Paranoid IA MaxN IA ,MaxN IA,2 2 2 2 ,x=6 y=21
35x35,4,2,MaxN IA MaxN IA Paranoid IA MaxN IA ,Paranoid IA,2 2 2 2 ,x=26 y=20
35x35,4,2,MaxN IA MaxN IA Paranoid IA MaxN IA ,MaxN IA,2 2 2 2 ,x=6 y=21
35x35,4,2,MaxN IA MaxN IA Paranoid IA MaxN IA ,MaxN IA,2 2 2 2 ,x=6 y=21
35x35,4,2,MaxN IA MaxN IA Paranoid IA MaxN IA ,MaxN IA,2 2 2 2 ,x=6 y=21
35x35,4,2,MaxN IA MaxN IA Paranoid IA MaxN IA ,MaxN IA,2 2 2 2 ,x=6 y=21
35x35,4,2,MaxN IA MaxN IA Paranoid IA MaxN IA ,MaxN IA,2 2 2 2 ,x=16 y=5
35x35,4,2,MaxN IA MaxN IA Paranoid IA MaxN IA ,MaxN IA,2 2 2 2 ,x=6 y=21
35x35,4,2,MaxN IA MaxN IA Paranoid IA MaxN IA ,MaxN IA,2 2 2 2 ,x=16 y=5
35x35,4,2,MaxN IA MaxN IA Paranoid IA MaxN IA ,MaxN IA,2 2 2 2 ,x=6 y=21
35x35,4,2,MaxN IA MaxN IA Paranoid IA MaxN IA ,MaxN IA,2 2 2 2 ,x=6 y=21
35x35,4,2,MaxN IA MaxN IA Paranoid IA MaxN IA ,MaxN IA,2 2 2 2 ,x=6 y=21
35x35,4,2,MaxN IA MaxN IA Paranoid IA MaxN IA ,MaxN IA,2 2 2 2 ,x=6 y=21
35x35,4,2,MaxN IA MaxN IA Paranoid IA MaxN IA ,MaxN IA,2 2 2 2 ,x=16 y=5
35x35,4,2,MaxN IA MaxN IA Paranoid IA MaxN IA ,MaxN IA,2 2 2 2 ,x=6 y=21
35x35,4,2,MaxN IA MaxN IA Paranoid IA MaxN IA ,MaxN IA,2 2 2 2 ,x=6 y=21
35x35,4,2,MaxN IA MaxN IA Paranoid IA MaxN IA ,MaxN IA,2 2 2 2 ,x=16 y=5
35x35,4,2,MaxN IA MaxN IA Paranoid IA MaxN IA ,MaxN IA,2 2 2 2 ,x=16 y=5
35x35,4,2,MaxN IA MaxN IA Paranoid IA MaxN IA ,MaxN IA,2 2 2 2 ,x=16 y=5
35x35,4,2,MaxN IA MaxN IA Paranoid IA MaxN IA ,MaxN IA,2 2 2 2 ,x=6 y=21
35x35,4,2,MaxN IA MaxN IA Paranoid IA MaxN IA ,MaxN IA,2 2 2 2 ,x=16 y=5
35x35,4,2,MaxN IA MaxN IA Paranoid IA MaxN IA ,MaxN IA,2 2 2 2 ,x=16 y=5
35x35,4,2,MaxN IA MaxN IA Paranoid IA MaxN IA ,MaxN IA,2 2 2 2 ,x=6 y=21
35x35,4,2,MaxN IA MaxN IA Paranoid IA MaxN IA ,MaxN IA,2 2 2 2 ,x=6 y=21
35x35,4,2,MaxN IA MaxN IA Paranoid IA MaxN IA ,MaxN IA,2 2 2 2 ,x=6 y=21
35x35,4,2,MaxN IA MaxN IA Paranoid IA MaxN IA ,MaxN IA,2 2 2 2 ,x=6 y=21
35x35,4,2,MaxN IA MaxN IA Paranoid IA MaxN IA ,MaxN IA,2 2 2 2 ,x=6 y=21
35x35,4,2,MaxN IA MaxN IA Paranoid IA MaxN IA ,MaxN IA,2 2 2 2 ,x=6 y=21
35x35,4,2,MaxN IA MaxN IA Paranoid IA MaxN IA ,MaxN IA,2 2 2 2 ,x=6 y=21
35x35,4,2,MaxN IA MaxN IA Paranoid IA MaxN IA ,MaxN IA,2 2 2 2 ,x=6 y=21
35x35,4,2,MaxN IA MaxN IA Paranoid IA MaxN IA ,MaxN IA,2 2 2 2 ,x=6 y=21
35x35,4,2,MaxN IA MaxN IA Paranoid IA MaxN IA ,MaxN IA,2 2 2 2 ,x=6 y=21
35x35,4,2,MaxN IA MaxN IA Paranoid IA MaxN IA ,MaxN IA,2 2 2 2 ,x=6 y=21
35x35,4,2,MaxN IA MaxN IA Paranoid IA MaxN IA ,MaxN IA,2 2 2 2 ,x=6 y=21
35x35,4,2,MaxN IA MaxN IA Paranoid IA MaxN IA ,MaxN IA,2 2 2 2 ,x=16 y=5
35x35,4,2,MaxN IA MaxN IA Paranoid IA MaxN IA ,MaxN IA,2 2 2 2 ,x=6 y=21
35x35,4,2,MaxN IA MaxN IA Paranoid IA MaxN IA ,MaxN IA,2 2 2 2 ,x=6 y=21
35x35,4,2,MaxN IA MaxN IA Paranoid IA MaxN IA ,MaxN IA,2 2 2 2 ,x=16 y=5
35x35,4,2,MaxN IA MaxN IA Paranoid IA MaxN IA ,MaxN IA,3 3 3 3 ,x=5 y=14
35x35,4,2,MaxN IA MaxN IA Paranoid IA MaxN IA ,MaxN IA,3 3 3 3 ,x=5 y=14
35x35,4,2,MaxN IA MaxN IA Paranoid IA MaxN IA ,MaxN IA,3 3 3 3 ,x=5 y=14
35x35,4,2,MaxN IA MaxN IA Paranoid IA MaxN IA ,MaxN IA,3 3 3 3 ,x=6 y=18
35x35,4,2,MaxN IA MaxN IA Paranoid IA MaxN IA ,MaxN IA,3 3 3 3 ,x=6 y=18
35x35,4,2,MaxN IA MaxN IA Paranoid IA MaxN IA ,MaxN IA,3 3 3 3 ,x=6 y=18
35x35,4,2,MaxN IA MaxN IA Paranoid IA MaxN IA ,MaxN IA,3 3 3 3 ,x=5 y=14
35x35,4,2,MaxN IA MaxN IA Paranoid IA MaxN IA ,MaxN IA,3 3 3 3 ,x=6 y=18
35x35,4,2,MaxN IA MaxN IA Paranoid IA MaxN IA ,MaxN IA,3 3 3 3 ,x=5 y=14
35x35,4,2,MaxN IA MaxN IA Paranoid IA MaxN IA ,MaxN IA,3 3 3 3 ,x=5 y=14
35x35,4,2,MaxN IA MaxN IA Paranoid IA MaxN IA ,MaxN IA,3 3 3 3 ,x=6 y=18
35x35,4,2,MaxN IA MaxN IA Paranoid IA MaxN IA ,MaxN IA,3 3 3 3 ,x=5 y=14
35x35,4,2,MaxN IA MaxN IA Paranoid IA MaxN IA ,MaxN IA,3 3 3 3 ,x=5 y=14
35x35,4,2,MaxN IA MaxN IA Paranoid IA MaxN IA ,MaxN IA,3 3 3 3 ,x=5 y=14
35x35,4,2,MaxN IA MaxN IA Paranoid IA MaxN IA ,MaxN IA,3 3 3 3 ,x=6 y=18
35x35,4,2,MaxN IA MaxN IA Paranoid IA MaxN IA ,MaxN IA,3 3 3 3 ,x=6 y=18
35x35,4,2,MaxN IA MaxN IA Paranoid IA MaxN IA ,MaxN IA,3 3 3 3 ,x=5 y=14
35x35,4,2,MaxN IA MaxN IA Paranoid IA MaxN IA ,MaxN IA,3 3 3 3 ,x=5 y=14
35x35,4,2,MaxN IA MaxN IA Paranoid IA MaxN IA ,MaxN IA,3 3 3 3 ,x=5 y=14
35x35,4,2,MaxN IA MaxN IA Paranoid IA MaxN IA ,MaxN IA,3 3 3 3 ,x=6 y=18
35x35,4,2,MaxN IA MaxN IA Paranoid IA MaxN IA ,MaxN IA,3 3 3 3 ,x=5 y=14
35x35,4,2,MaxN IA MaxN IA Paranoid IA MaxN IA ,MaxN IA,3 3 3 3 ,x=5 y=14
35x35,4,2,MaxN IA MaxN IA Paranoid IA MaxN IA ,MaxN IA,3 3 3 3 ,x=5 y=14
35x35,4,2,MaxN IA MaxN IA Paranoid IA MaxN IA ,MaxN IA,3 3 3 3 ,x=5 y=14
35x35,4,2,MaxN IA MaxN IA Paranoid IA MaxN IA ,MaxN IA,3 3 3 3 ,x=6 y=18
35x35,4,2,MaxN IA MaxN IA Paranoid IA MaxN IA ,MaxN IA,3 3 3 3 ,x=5 y=14
35x35,4,2,MaxN IA MaxN IA Paranoid IA MaxN IA ,MaxN IA,3 3 3 3 ,x=6 y=18
35x35,4,2,MaxN IA MaxN IA Paranoid IA MaxN IA ,MaxN IA,3 3 3 3 ,x=6 y=18
35x35,4,2,MaxN IA MaxN IA Paranoid IA MaxN IA ,MaxN IA,3 3 3 3 ,x=5 y=14
35x35,4,2,MaxN IA MaxN IA Paranoid IA MaxN IA ,MaxN IA,3 3 3 3 ,x=5 y=14
35x35,4,2,MaxN IA MaxN IA Paranoid IA MaxN IA ,MaxN IA,3 3 3 3 ,x=5 y=14
35x35,4,2,MaxN IA MaxN IA Paranoid IA MaxN IA ,MaxN IA,3 3 3 3 ,x=5 y=14
35x35,4,2,MaxN IA MaxN IA Paranoid IA MaxN IA ,MaxN IA,3 3 3 3 ,x=5 y=14
35x35,4,2,MaxN IA MaxN IA Paranoid IA MaxN IA ,MaxN IA,3 3 3 3 ,x=5 y=14
35x35,4,2,MaxN IA MaxN IA Paranoid IA MaxN IA ,MaxN IA,3 3 3 3 ,x=5 y=14
35x35,4,2,MaxN IA MaxN IA Paranoid IA MaxN IA ,MaxN IA,3 3 3 3 ,x=6 y=18
35x35,4,2,MaxN IA MaxN IA Paranoid IA MaxN IA ,MaxN IA,3 3 3 3 ,x=5 y=14
35x35,4,2,MaxN IA MaxN IA Paranoid IA MaxN IA ,MaxN IA,3 3 3 3 ,x=5 y=14
35x35,4,2,MaxN IA MaxN IA Paranoid IA MaxN IA ,MaxN IA,3 3 3 3 ,x=5 y=14
35x35,4,2,MaxN IA MaxN IA Paranoid IA MaxN IA ,MaxN IA,3 3 3 3 ,x=5 y=14
35x35,4,2,MaxN IA MaxN IA Paranoid IA MaxN IA ,MaxN IA,3 3 3 3 ,x=6 y=18
35x35,4,2,MaxN IA MaxN IA Paranoid IA MaxN IA ,MaxN IA,3 3 3 3 ,x=5 y=14
35x35,4,2,MaxN IA MaxN IA Paranoid IA MaxN IA ,MaxN IA,3 3 3 3 ,x=5 y=14
35x35,4,2,MaxN IA MaxN IA Paranoid IA MaxN IA ,MaxN IA,3 3 3 3 ,x=5 y=14
35x35,4,2,MaxN IA MaxN IA Paranoid IA MaxN IA ,MaxN IA,3 3 3 3 ,x=5 y=14
35x35,4,2,MaxN IA MaxN IA Paranoid IA MaxN IA ,MaxN IA,3 3 3 3 ,x=5 y=14
35x35,4,2,MaxN IA MaxN IA Paranoid IA MaxN IA ,MaxN IA,3 3 3 3 ,x=6 y=18
35x35,4,2,MaxN IA MaxN IA Paranoid IA MaxN IA ,MaxN IA,3 3 3 3 ,x=5 y=14
35x35,4,2,MaxN IA MaxN IA Paranoid IA MaxN IA ,MaxN IA,3 3 3 3 ,x=6 y=18
35x35,4,2,MaxN IA MaxN IA Paranoid IA MaxN IA ,MaxN IA,3 3 3 3 ,x=5 y=14
35x35,4,2,MaxN IA MaxN IA Paranoid IA MaxN IA ,MaxN IA,3 3 3 3 ,x=6 y=18
35x35,4,2,MaxN IA MaxN IA Paranoid IA MaxN IA ,MaxN IA,3 3 3 3 ,x=5 y=14
35x35,4,2,MaxN IA MaxN IA Paranoid IA MaxN IA ,Paranoid IA,3 3 3 3 ,x=5 y=32
35x35,4,2,MaxN IA MaxN IA Paranoid IA MaxN IA ,MaxN IA,3 3 3 3 ,x=5 y=14
35x35,4,2,MaxN IA MaxN IA Paranoid IA MaxN IA ,MaxN IA,3 3 3 3 ,x=5 y=14
35x35,4,2,MaxN IA MaxN IA Paranoid IA MaxN IA ,MaxN IA,3 3 3 3 ,x=6 y=18
35x35,4,2,MaxN IA MaxN IA Paranoid IA MaxN IA ,MaxN IA,3 3 3 3 ,x=6 y=18
35x35,4,2,MaxN IA MaxN IA Paranoid IA MaxN IA ,MaxN IA,3 3 3 3 ,x=6 y=18
35x35,4,2,MaxN IA MaxN IA Paranoid IA MaxN IA ,MaxN IA,3 3 3 3 ,x=5 y=14
35x35,4,2,MaxN IA MaxN IA Paranoid IA MaxN IA ,MaxN IA,3 3 3 3 ,x=5 y=14
35x35,4,2,MaxN IA MaxN IA Paranoid IA MaxN IA ,MaxN IA,3 3 3 3 ,x=5 y=14
35x35,4,2,MaxN IA MaxN IA Paranoid IA MaxN IA ,MaxN IA,3 3 3 3 ,x=5 y=14
35x35,4,2,MaxN IA MaxN IA Paranoid IA MaxN IA ,MaxN IA,3 3 3 3 ,x=5 y=14
35x35,4,2,MaxN IA MaxN IA Paranoid IA MaxN IA ,MaxN IA,3 3 3 3 ,x=5 y=14
35x35,4,2,MaxN IA MaxN IA Paranoid IA MaxN IA ,MaxN IA,3 3 3 3 ,x=5 y=14
35x35,4,2,MaxN IA MaxN IA Paranoid IA MaxN IA ,Paranoid IA,3 3 3 3 ,x=5 y=32
35x35,4,2,MaxN IA MaxN IA Paranoid IA MaxN IA ,MaxN IA,3 3 3 3 ,x=5 y=14
35x35,4,2,MaxN IA MaxN IA Paranoid IA MaxN IA ,Paranoid IA,3 3 3 3 ,x=5 y=32
35x35,4,2,MaxN IA MaxN IA Paranoid IA MaxN IA ,MaxN IA,3 3 3 3 ,x=5 y=14
35x35,4,2,MaxN IA MaxN IA Paranoid IA MaxN IA ,MaxN IA,3 3 3 3 ,x=6 y=18
35x35,4,2,MaxN IA MaxN IA Paranoid IA MaxN IA ,MaxN IA,3 3 3 3 ,x=5 y=14
35x35,4,2,MaxN IA MaxN IA Paranoid IA MaxN IA ,MaxN IA,3 3 3 3 ,x=5 y=14
35x35,4,2,MaxN IA MaxN IA Paranoid IA MaxN IA ,MaxN IA,3 3 3 3 ,x=5 y=14
35x35,4,2,MaxN IA MaxN IA Paranoid IA MaxN IA ,MaxN IA,3 3 3 3 ,x=5 y=14
35x35,4,2,MaxN IA MaxN IA Paranoid IA MaxN IA ,MaxN IA,3 3 3 3 ,x=5 y=14
35x35,4,2,MaxN IA MaxN IA Paranoid IA MaxN IA ,MaxN IA,3 3 3 3 ,x=5 y=14
35x35,4,2,MaxN IA MaxN IA Paranoid IA MaxN IA ,MaxN IA,3 3 3 3 ,x=5 y=14
35x35,4,2,MaxN IA MaxN IA Paranoid IA MaxN IA ,MaxN IA,3 3 3 3 ,x=5 y=14
35x35,4,2,MaxN IA MaxN IA Paranoid IA MaxN IA ,MaxN IA,3 3 3 3 ,x=5 y=14
35x35,4,2,MaxN IA MaxN IA Paranoid IA MaxN IA ,MaxN IA,3 3 3 3 ,x=5 y=14
35x35,4,2,MaxN IA MaxN IA Paranoid IA MaxN IA ,MaxN IA,3 3 3 3 ,x=5 y=14
35x35,4,2,MaxN IA MaxN IA Paranoid IA MaxN IA ,MaxN IA,3 3 3 3 ,x=5 y=14
35x35,4,2,MaxN IA MaxN IA Paranoid IA MaxN IA ,MaxN IA,3 3 3 3 ,x=5 y=14
35x35,4,2,MaxN IA MaxN IA Paranoid IA MaxN IA ,MaxN IA,3 3 3 3 ,x=5 y=14
35x35,4,2,MaxN IA MaxN IA Paranoid IA MaxN IA ,MaxN IA,3 3 3 3 ,x=5 y=14
35x35,4,2,MaxN IA MaxN IA Paranoid IA MaxN IA ,MaxN IA,3 3 3 3 ,x=5 y=14
35x35,4,2,MaxN IA MaxN IA Paranoid IA MaxN IA ,MaxN IA,3 3 3 3 ,x=5 y=14
35x35,4,2,MaxN IA MaxN IA Paranoid IA MaxN IA ,MaxN IA,3 3 3 3 ,x=6 y=18
35x35,4,2,MaxN IA MaxN IA Paranoid IA MaxN IA ,MaxN IA,3 3 3 3 ,x=6 y=18
35x35,4,2,MaxN IA MaxN IA Paranoid IA MaxN IA ,MaxN IA,3 3 3 3 ,x=5 y=14
35x35,4,2,MaxN IA MaxN IA Paranoid IA MaxN IA ,MaxN IA,3 3 3 3 ,x=5 y=14
35x35,4,2,MaxN IA MaxN IA Paranoid IA MaxN IA ,MaxN IA,3 3 3 3 ,x=6 y=18
35x35,4,2,MaxN IA MaxN IA Paranoid IA MaxN IA ,MaxN IA,3 3 3 3 ,x=6 y=18
35x35,4,2,MaxN IA MaxN IA Paranoid IA MaxN IA ,MaxN IA,3 3 3 3 ,x=5 y=14
35x35,4,2,MaxN IA MaxN IA Paranoid IA MaxN IA ,MaxN IA,3 3 3 3 ,x=5 y=14
35x35,4,2,MaxN IA MaxN IA Paranoid IA MaxN IA ,MaxN IA,3 3 3 3 ,x=6 y=18
35x35,4,2,MaxN IA MaxN IA Paranoid IA MaxN IA ,MaxN IA,3 3 3 3 ,x=5 y=14
35x35,4,2,MaxN IA MaxN IA Paranoid IA MaxN IA ,MaxN IA,3 3 3 3 ,x=5 y=14
35x35,4,2,MaxN IA MaxN IA Paranoid IA MaxN IA ,MaxN IA,3 3 3 3 ,x=5 y=14
35x35,4,2,MaxN IA MaxN IA Paranoid IA MaxN IA ,MaxN IA,3 3 3 3 ,x=5 y=14
35x35,4,2,MaxN IA MaxN IA Paranoid IA MaxN IA ,MaxN IA,3 3 3 3 ,x=5 y=14
35x35,4,2,MaxN IA MaxN IA Paranoid IA MaxN IA ,MaxN IA,3 3 3 3 ,x=5 y=14
35x35,4,2,MaxN IA MaxN IA Paranoid IA MaxN IA ,MaxN IA,3 3 3 3 ,x=5 y=14
35x35,4,2,MaxN IA MaxN IA Paranoid IA MaxN IA ,MaxN IA,3 3 3 3 ,x=5 y=14
35x35,4,2,MaxN IA MaxN IA Paranoid IA MaxN IA ,MaxN IA,3 3 3 3 ,x=5 y=14
35x35,4,2,MaxN IA MaxN IA Paranoid IA MaxN IA ,MaxN IA,3 3 3 3 ,x=5 y=14
35x35,4,2,MaxN IA MaxN IA Paranoid IA MaxN IA ,MaxN IA,3 3 3 3 ,x=6 y=18
35x35,4,2,MaxN IA MaxN IA Paranoid IA MaxN IA ,MaxN IA,3 3 3 3 ,x=6 y=18
35x35,4,2,MaxN IA MaxN IA Paranoid IA MaxN IA ,MaxN IA,3 3 3 3 ,x=5 y=14
35x35,4,2,MaxN IA MaxN IA Paranoid IA MaxN IA ,MaxN IA,3 3 3 3 ,x=5 y=14
35x35,4,2,MaxN IA MaxN IA Paranoid IA MaxN IA ,MaxN IA,3 3 3 3 ,x=6 y=18
35x35,4,2,MaxN IA MaxN IA Paranoid IA MaxN IA ,MaxN IA,3 3 3 3 ,x=5 y=14
35x35,4,2,MaxN IA MaxN IA Paranoid IA MaxN IA ,MaxN IA,3 3 3 3 ,x=6 y=18
35x35,4,2,MaxN IA MaxN IA Paranoid IA MaxN IA ,MaxN IA,3 3 3 3 ,x=5 y=14
35x35,4,2,MaxN IA MaxN IA Paranoid IA MaxN IA ,MaxN IA,3 3 3 3 ,x=5 y=14
35x35,4,2,MaxN IA MaxN IA Paranoid IA MaxN IA ,MaxN IA,3 3 3 3 ,x=6 y=18
35x35,4,2,MaxN IA MaxN IA Paranoid IA MaxN IA ,MaxN IA,3 3 3 3 ,x=5 y=14
35x35,4,2,MaxN IA MaxN IA Paranoid IA MaxN IA ,MaxN IA,3 3 3 3 ,x=5 y=14
35x35,4,2,MaxN IA MaxN IA Paranoid IA MaxN IA ,MaxN IA,3 3 3 3 ,x=6 y=18
35x35,4,2,MaxN IA MaxN IA Paranoid IA MaxN IA ,MaxN IA,3 3 3 3 ,x=5 y=14
35x35,4,2,MaxN IA MaxN IA Paranoid IA MaxN IA ,MaxN IA,3 3 3 3 ,x=5 y=14
35x35,4,2,MaxN IA MaxN IA Paranoid IA MaxN IA ,MaxN IA,3 3 3 3 ,x=6 y=18
35x35,4,2,MaxN IA MaxN IA Paranoid IA MaxN IA ,MaxN IA,3 3 3 3 ,x=5 y=14
35x35,4,2,MaxN IA MaxN IA Paranoid IA MaxN IA ,MaxN IA,3 3 3 3 ,x=5 y=14
35x35,4,2,MaxN IA MaxN IA Paranoid IA MaxN IA ,Paranoid IA,3 3 3 3 ,x=5 y=32
35x35,4,2,MaxN IA MaxN IA Paranoid IA MaxN IA ,MaxN IA,3 3 3 3 ,x=5 y=14
35x35,4,2,MaxN IA MaxN IA Paranoid IA MaxN IA ,MaxN IA,3 3 3 3 ,x=5 y=14
35x35,4,2,MaxN IA MaxN IA Paranoid IA MaxN IA ,MaxN IA,3 3 3 3 ,x=5 y=14
35x35,4,2,MaxN IA MaxN IA Paranoid IA MaxN IA ,MaxN IA,3 3 3 3 ,x=6 y=18
35x35,4,2,MaxN IA MaxN IA Paranoid IA MaxN IA ,MaxN IA,3 3 3 3 ,x=5 y=14
35x35,4,2,MaxN IA MaxN IA Paranoid IA MaxN IA ,MaxN IA,3 3 3 3 ,x=6 y=18
35x35,4,2,MaxN IA MaxN IA Paranoid IA MaxN IA ,MaxN IA,3 3 3 3 ,x=6 y=18
35x35,4,2,MaxN IA MaxN IA Paranoid IA MaxN IA ,MaxN IA,3 3 3 3 ,x=5 y=14
35x35,4,2,MaxN IA MaxN IA Paranoid IA MaxN IA ,MaxN IA,3 3 3 3 ,x=5 y=14
35x35,4,2,MaxN IA MaxN IA Paranoid IA MaxN IA ,MaxN IA,3 3 3 3 ,x=5 y=14
35x35,4,2,MaxN IA MaxN IA Paranoid IA MaxN IA ,MaxN IA,3 3 3 3 ,x=6 y=18
35x35,4,2,MaxN IA MaxN IA Paranoid IA MaxN IA ,MaxN IA,3 3 3 3 ,x=6 y=18
35x35,4,2,MaxN IA MaxN IA Paranoid IA MaxN IA ,MaxN IA,3 3 3 3 ,x=5 y=14
35x35,4,2,MaxN IA MaxN IA Paranoid IA MaxN IA ,MaxN IA,3 3 3 3 ,x=5 y=14
35x35,4,2,MaxN IA MaxN IA Paranoid IA MaxN IA ,MaxN IA,3 3 3 3 ,x=5 y=14
35x35,4,2,MaxN IA MaxN IA Paranoid IA MaxN IA ,MaxN IA,3 3 3 3 ,x=5 y=14
35x35,4,2,MaxN IA MaxN IA Paranoid IA MaxN IA ,MaxN IA,3 3 3 3 ,x=6 y=18
35x35,4,2,MaxN IA MaxN IA Paranoid IA MaxN IA ,MaxN IA,3 3 3 3 ,x=5 y=14
35x35,4,2,MaxN IA MaxN IA Paranoid IA MaxN IA ,MaxN IA,3 3 3 3 ,x=5 y=14
35x35,4,2,MaxN IA MaxN IA Paranoid IA MaxN IA ,MaxN IA,3 3 3 3 ,x=5 y=14
35x35,4,2,MaxN IA MaxN IA Paranoid IA MaxN IA ,MaxN IA,3 3 3 3 ,x=5 y=14
35x35,4,2,MaxN IA MaxN IA Paranoid IA MaxN IA ,MaxN IA,3 3 3 3 ,x=6 y=18
35x35,4,2,MaxN IA MaxN IA Paranoid IA MaxN IA ,MaxN IA,3 3 3 3 ,x=6 y=18
35x35,4,2,MaxN IA MaxN IA Paranoid IA MaxN IA ,MaxN IA,3 3 3 3 ,x=6 y=18
35x35,4,2,MaxN IA MaxN IA Paranoid IA MaxN IA ,MaxN IA,3 3 3 3 ,x=6 y=18
35x35,4,2,MaxN IA MaxN IA Paranoid IA MaxN IA ,MaxN IA,4 4 4 4 ,x=6 y=22
35x35,4,2,MaxN IA MaxN IA Paranoid IA MaxN IA ,MaxN IA,4 4 4 4 ,x=5 y=29
35x35,4,2,MaxN IA MaxN IA Paranoid IA MaxN IA ,MaxN IA,4 4 4 4 ,x=6 y=22
35x35,4,2,MaxN IA MaxN IA Paranoid IA MaxN IA ,MaxN IA,4 4 4 4 ,x=6 y=22
35x35,4,2,MaxN IA MaxN IA Paranoid IA MaxN IA ,MaxN IA,4 4 4 4 ,x=6 y=22
35x35,4,2,MaxN IA MaxN IA Paranoid IA MaxN IA ,MaxN IA,4 4 4 4 ,x=6 y=22
35x35,4,2,MaxN IA MaxN IA Paranoid IA MaxN IA ,MaxN IA,4 4 4 4 ,x=6 y=22
35x35,4,2,MaxN IA MaxN IA Paranoid IA MaxN IA ,MaxN IA,4 4 4 4 ,x=5 y=29
35x35,4,2,MaxN IA MaxN IA Paranoid IA MaxN IA ,MaxN IA,4 4 4 4 ,x=5 y=29
35x35,4,2,MaxN IA MaxN IA Paranoid IA MaxN IA ,MaxN IA,4 4 4 4 ,x=6 y=22
35x35,4,2,MaxN IA MaxN IA Paranoid IA MaxN IA ,MaxN IA,4 4 4 4 ,x=6 y=22
35x35,4,2,MaxN IA MaxN IA Paranoid IA MaxN IA ,MaxN IA,4 4 4 4 ,x=6 y=22
35x35,4,2,MaxN IA MaxN IA Paranoid IA MaxN IA ,Paranoid IA,4 4 4 4 ,x=8 y=10
35x35,4,2,MaxN IA MaxN IA Paranoid IA MaxN IA ,MaxN IA,4 4 4 4 ,x=6 y=22
35x35,4,2,MaxN IA MaxN IA Paranoid IA MaxN IA ,MaxN IA,4 4 4 4 ,x=5 y=29
35x35,4,2,MaxN IA MaxN IA Paranoid IA MaxN IA ,MaxN IA,4 4 4 4 ,x=6 y=22
35x35,4,2,MaxN IA MaxN IA Paranoid IA MaxN IA ,MaxN IA,4 4 4 4 ,x=6 y=22
35x35,4,2,MaxN IA MaxN IA Paranoid IA MaxN IA ,MaxN IA,4 4 4 4 ,x=6 y=22
35x35,4,2,MaxN IA MaxN IA Paranoid IA MaxN IA ,MaxN IA,4 4 4 4 ,x=6 y=22
35x35,4,2,MaxN IA MaxN IA Paranoid IA MaxN IA ,MaxN IA,4 4 4 4 ,x=6 y=22
35x35,4,2,MaxN IA MaxN IA Paranoid IA MaxN IA ,MaxN IA,4 4 4 4 ,x=5 y=29
35x35,4,2,MaxN IA MaxN IA Paranoid IA MaxN IA ,MaxN IA,4 4 4 4 ,x=6 y=22
35x35,4,2,MaxN IA MaxN IA Paranoid IA MaxN IA ,MaxN IA,4 4 4 4 ,x=6 y=22
35x35,4,2,MaxN IA MaxN IA Paranoid IA MaxN IA ,MaxN IA,4 4 4 4 ,x=6 y=22
35x35,4,2,MaxN IA MaxN IA Paranoid IA MaxN IA ,MaxN IA,4 4 4 4 ,x=6 y=22
35x35,4,2,MaxN IA MaxN IA Paranoid IA MaxN IA ,MaxN IA,4 4 4 4 ,x=5 y=29
35x35,4,2,MaxN IA MaxN IA Paranoid IA MaxN IA ,MaxN IA,4 4 4 4 ,x=6 y=22
35x35,4,2,MaxN IA MaxN IA Paranoid IA MaxN IA ,MaxN IA,4 4 4 4 ,x=6 y=22
35x35,4,2,MaxN IA MaxN IA Paranoid IA MaxN IA ,MaxN IA,4 4 4 4 ,x=6 y=22
35x35,4,2,MaxN IA MaxN IA Paranoid IA MaxN IA ,MaxN IA,4 4 4 4 ,x=6 y=22
35x35,4,2,MaxN IA MaxN IA Paranoid IA MaxN IA ,MaxN IA,4 4 4 4 ,x=6 y=22
35x35,4,2,MaxN IA MaxN IA Paranoid IA MaxN IA ,MaxN IA,4 4 4 4 ,x=6 y=22
35x35,4,2,MaxN IA MaxN IA Paranoid IA MaxN IA ,MaxN IA,4 4 4 4 ,x=6 y=22
35x35,4,2,MaxN IA MaxN IA Paranoid IA MaxN IA ,MaxN IA,4 4 4 4 ,x=6 y=22
35x35,4,2,MaxN IA MaxN IA Paranoid IA MaxN IA ,MaxN IA,4 4 4 4 ,x=6 y=22
35x35,4,2,MaxN IA MaxN IA Paranoid IA MaxN IA ,MaxN IA,4 4 4 4 ,x=6 y=22
35x35,4,2,MaxN IA MaxN IA Paranoid IA MaxN IA ,MaxN IA,4 4 4 4 ,x=6 y=22
35x35,4,2,MaxN IA MaxN IA Paranoid IA MaxN IA ,MaxN IA,4 4 4 4 ,x=5 y=29
35x35,4,2,MaxN IA MaxN IA Paranoid IA MaxN IA ,MaxN IA,4 4 4 4 ,x=5 y=29
35x35,4,2,MaxN IA MaxN IA Paranoid IA MaxN IA ,MaxN IA,4 4 4 4 ,x=5 y=29
35x35,4,2,MaxN IA MaxN IA Paranoid IA MaxN IA ,MaxN IA,4 4 4 4 ,x=6 y=22
35x35,4,2,MaxN IA MaxN IA Paranoid IA MaxN IA ,MaxN IA,4 4 4 4 ,x=5 y=29
35x35,4,2,MaxN IA MaxN IA Paranoid IA MaxN IA ,MaxN IA,4 4 4 4 ,x=6 y=22
35x35,4,2,MaxN IA MaxN IA Paranoid IA MaxN IA ,MaxN IA,4 4 4 4 ,x=6 y=22
35x35,4,2,MaxN IA MaxN IA Paranoid IA MaxN IA ,MaxN IA,4 4 4 4 ,x=5 y=29
35x35,4,2,MaxN IA MaxN IA Paranoid IA MaxN IA ,MaxN IA,4 4 4 4 ,x=6 y=22
35x35,4,2,MaxN IA MaxN IA Paranoid IA MaxN IA ,MaxN IA,4 4 4 4 ,x=6 y=22
35x35,4,2,MaxN IA MaxN IA Paranoid IA MaxN IA ,MaxN IA,4 4 4 4 ,x=5 y=29
35x35,4,2,MaxN IA MaxN IA Paranoid IA MaxN IA ,MaxN IA,4 4 4 4 ,x=6 y=22
35x35,4,2,MaxN IA MaxN IA Paranoid IA MaxN IA ,MaxN IA,4 4 4 4 ,x=6 y=22
35x35,4,2,MaxN IA MaxN IA Paranoid IA MaxN IA ,MaxN IA,4 4 4 4 ,x=6 y=22
35x35,4,2,MaxN IA MaxN IA Paranoid IA MaxN IA ,MaxN IA,4 4 4 4 ,x=6 y=22
35x35,4,2,MaxN IA MaxN IA Paranoid IA MaxN IA ,MaxN IA,4 4 4 4 ,x=5 y=29
35x35,4,2,MaxN IA MaxN IA Paranoid IA MaxN IA ,MaxN IA,4 4 4 4 ,x=6 y=22
35x35,4,2,MaxN IA MaxN IA Paranoid IA MaxN IA ,MaxN IA,4 4 4 4 ,x=5 y=29
35x35,4,2,MaxN IA MaxN IA Paranoid IA MaxN IA ,MaxN IA,4 4 4 4 ,x=6 y=22
35x35,4,2,MaxN IA MaxN IA Paranoid IA MaxN IA ,MaxN IA,4 4 4 4 ,x=5 y=29
35x35,4,2,MaxN IA MaxN IA Paranoid IA MaxN IA ,MaxN IA,4 4 4 4 ,x=5 y=29
35x35,4,2,MaxN IA MaxN IA Paranoid IA MaxN IA ,MaxN IA,4 4 4 4 ,x=6 y=22
35x35,4,2,MaxN IA MaxN IA Paranoid IA MaxN IA ,MaxN IA,4 4 4 4 ,x=6 y=22
35x35,4,2,MaxN IA MaxN IA Paranoid IA MaxN IA ,MaxN IA,4 4 4 4 ,x=6 y=22
35x35,4,2,MaxN IA MaxN IA Paranoid IA MaxN IA ,MaxN IA,4 4 4 4 ,x=6 y=22
35x35,4,2,MaxN IA MaxN IA Paranoid IA MaxN IA ,MaxN IA,4 4 4 4 ,x=6 y=22
35x35,4,2,MaxN IA MaxN IA Paranoid IA MaxN IA ,MaxN IA,4 4 4 4 ,x=6 y=22
35x35,4,2,MaxN IA MaxN IA Paranoid IA MaxN IA ,MaxN IA,4 4 4 4 ,x=6 y=22
35x35,4,2,MaxN IA MaxN IA Paranoid IA MaxN IA ,MaxN IA,4 4 4 4 ,x=5 y=29
35x35,4,2,MaxN IA MaxN IA Paranoid IA MaxN IA ,MaxN IA,4 4 4 4 ,x=6 y=22
35x35,4,2,MaxN IA MaxN IA Paranoid IA MaxN IA ,MaxN IA,4 4 4 4 ,x=5 y=29
35x35,4,2,MaxN IA MaxN IA Paranoid IA MaxN IA ,MaxN IA,4 4 4 4 ,x=5 y=29
35x35,4,2,MaxN IA MaxN IA Paranoid IA MaxN IA ,MaxN IA,4 4 4 4 ,x=6 y=22
35x35,4,2,MaxN IA MaxN IA Paranoid IA MaxN IA ,MaxN IA,4 4 4 4 ,x=6 y=22
35x35,4,2,MaxN IA MaxN IA Paranoid IA MaxN IA ,MaxN IA,4 4 4 4 ,x=6 y=22
35x35,4,2,MaxN IA MaxN IA Paranoid IA MaxN IA ,MaxN IA,4 4 4 4 ,x=6 y=22
35x35,4,2,MaxN IA MaxN IA Paranoid IA MaxN IA ,MaxN IA,4 4 4 4 ,x=6 y=22
35x35,4,2,MaxN IA MaxN IA Paranoid IA MaxN IA ,MaxN IA,4 4 4 4 ,x=5 y=29
35x35,4,2,MaxN IA MaxN IA Paranoid IA MaxN IA ,MaxN IA,4 4 4 4 ,x=6 y=22
35x35,4,2,MaxN IA MaxN IA Paranoid IA MaxN IA ,MaxN IA,4 4 4 4 ,x=5 y=29
35x35,4,2,MaxN IA MaxN IA Paranoid IA MaxN IA ,MaxN IA,4 4 4 4 ,x=6 y=22
35x35,4,2,MaxN IA MaxN IA Paranoid IA MaxN IA ,MaxN IA,4 4 4 4 ,x=6 y=22
35x35,4,2,MaxN IA MaxN IA Paranoid IA MaxN IA ,MaxN IA,4 4 4 4 ,x=6 y=22
35x35,4,2,MaxN IA MaxN IA Paranoid IA MaxN IA ,MaxN IA,4 4 4 4 ,x=5 y=29
35x35,4,2,MaxN IA MaxN IA Paranoid IA MaxN IA ,MaxN IA,4 4 4 4 ,x=6 y=22
35x35,4,2,MaxN IA MaxN IA Paranoid IA MaxN IA ,MaxN IA,4 4 4 4 ,x=6 y=22
35x35,4,2,MaxN IA MaxN IA Paranoid IA MaxN IA ,MaxN IA,4 4 4 4 ,x=6 y=22
35x35,4,2,MaxN IA MaxN IA Paranoid IA MaxN IA ,MaxN IA,4 4 4 4 ,x=6 y=22
35x35,4,2,MaxN IA MaxN IA Paranoid IA MaxN IA ,MaxN IA,4 4 4 4 ,x=6 y=22
35x35,4,2,MaxN IA MaxN IA Paranoid IA MaxN IA ,MaxN IA,4 4 4 4 ,x=6 y=22
35x35,4,2,MaxN IA MaxN IA Paranoid IA MaxN IA ,MaxN IA,4 4 4 4 ,x=6 y=22
35x35,4,2,MaxN IA MaxN IA Paranoid IA MaxN IA ,MaxN IA,4 4 4 4 ,x=6 y=22
35x35,4,2,MaxN IA MaxN IA Paranoid IA MaxN IA ,MaxN IA,4 4 4 4 ,x=6 y=22
35x35,4,2,MaxN IA MaxN IA Paranoid IA MaxN IA ,MaxN IA,4 4 4 4 ,x=6 y=22
35x35,4,2,MaxN IA MaxN IA Paranoid IA MaxN IA ,MaxN IA,4 4 4 4 ,x=5 y=29
35x35,4,2,MaxN IA MaxN IA Paranoid IA MaxN IA ,MaxN IA,4 4 4 4 ,x=6 y=22
35x35,4,2,MaxN IA MaxN IA Paranoid IA MaxN IA ,MaxN IA,4 4 4 4 ,x=6 y=22
35x35,4,2,MaxN IA MaxN IA Paranoid IA MaxN IA ,MaxN IA,4 4 4 4 ,x=6 y=22
35x35,4,2,MaxN IA MaxN IA Paranoid IA MaxN IA ,MaxN IA,4 4 4 4 ,x=6 y=22
35x35,4,2,MaxN IA MaxN IA Paranoid IA MaxN IA ,MaxN IA,4 4 4 4 ,x=6 y=22
35x35,4,2,MaxN IA MaxN IA Paranoid IA MaxN IA ,MaxN IA,4 4 4 4 ,x=5 y=29
35x35,4,2,MaxN IA MaxN IA Paranoid IA MaxN IA ,MaxN IA,4 4 4 4 ,x=6 y=22
35x35,4,2,MaxN IA MaxN IA Paranoid IA MaxN IA ,MaxN IA,4 4 4 4 ,x=5 y=29
35x35,4,2,MaxN IA MaxN IA Paranoid IA MaxN IA ,MaxN IA,4 4 4 4 ,x=6 y=22
35x35,4,2,MaxN IA MaxN IA Paranoid IA MaxN IA ,MaxN IA,4 4 4 4 ,x=5 y=29
35x35,4,2,MaxN IA MaxN IA Paranoid IA MaxN IA ,MaxN IA,4 4 4 4 ,x=6 y=22
35x35,4,2,MaxN IA MaxN IA Paranoid IA MaxN IA ,MaxN IA,4 4 4 4 ,x=6 y=22
35x35,4,2,MaxN IA MaxN IA Paranoid IA MaxN IA ,MaxN IA,4 4 4 4 ,x=5 y=29
35x35,4,2,MaxN IA MaxN IA Paranoid IA MaxN IA ,MaxN IA,4 4 4 4 ,x=5 y=29
35x35,4,2,MaxN IA MaxN IA Paranoid IA MaxN IA ,MaxN IA,4 4 4 4 ,x=6 y=22
35x35,4,2,MaxN IA MaxN IA Paranoid IA MaxN IA ,MaxN IA,4 4 4 4 ,x=6 y=22
35x35,4,2,MaxN IA MaxN IA Paranoid IA MaxN IA ,MaxN IA,4 4 4 4 ,x=5 y=29
35x35,4,2,MaxN IA MaxN IA Paranoid IA MaxN IA ,MaxN IA,4 4 4 4 ,x=6 y=22
35x35,4,2,MaxN IA MaxN IA Paranoid IA MaxN IA ,MaxN IA,4 4 4 4 ,x=6 y=22
35x35,4,2,MaxN IA MaxN IA Paranoid IA MaxN IA ,MaxN IA,4 4 4 4 ,x=5 y=29
35x35,4,2,MaxN IA MaxN IA Paranoid IA MaxN IA ,MaxN IA,4 4 4 4 ,x=5 y=29
35x35,4,2,MaxN IA MaxN IA Paranoid IA MaxN IA ,MaxN IA,4 4 4 4 ,x=6 y=22
35x35,4,2,MaxN IA MaxN IA Paranoid IA MaxN IA ,MaxN IA,4 4 4 4 ,x=5 y=29
35x35,4,2,MaxN IA MaxN IA Paranoid IA MaxN IA ,MaxN IA,4 4 4 4 ,x=5 y=29
35x35,4,2,MaxN IA MaxN IA Paranoid IA MaxN IA ,MaxN IA,4 4 4 4 ,x=6 y=22
35x35,4,2,MaxN IA MaxN IA Paranoid IA MaxN IA ,MaxN IA,4 4 4 4 ,x=5 y=29
35x35,4,2,MaxN IA MaxN IA Paranoid IA MaxN IA ,MaxN IA,4 4 4 4 ,x=5 y=29
35x35,4,2,MaxN IA MaxN IA Paranoid IA MaxN IA ,MaxN IA,4 4 4 4 ,x=6 y=22
35x35,4,2,MaxN IA MaxN IA Paranoid IA MaxN IA ,MaxN IA,4 4 4 4 ,x=6 y=22
35x35,4,2,MaxN IA MaxN IA Paranoid IA MaxN IA ,MaxN IA,4 4 4 4 ,x=6 y=22
35x35,4,2,MaxN IA MaxN IA Paranoid IA MaxN IA ,MaxN IA,4 4 4 4 ,x=6 y=22
35x35,4,2,MaxN IA MaxN IA Paranoid IA MaxN IA ,MaxN IA,4 4 4 4 ,x=6 y=22
35x35,4,2,MaxN IA MaxN IA Paranoid IA MaxN IA ,MaxN IA,4 4 4 4 ,x=6 y=22
35x35,4,2,MaxN IA MaxN IA Paranoid IA MaxN IA ,MaxN IA,4 4 4 4 ,x=6 y=22
35x35,4,2,MaxN IA MaxN IA Paranoid IA MaxN IA ,MaxN IA,4 4 4 4 ,x=6 y=22
35x35,4,2,MaxN IA MaxN IA Paranoid IA MaxN IA ,MaxN IA,4 4 4 4 ,x=6 y=22
35x35,4,2,MaxN IA MaxN IA Paranoid IA MaxN IA ,MaxN IA,4 4 4 4 ,x=6 y=22
35x35,4,2,MaxN IA MaxN IA Paranoid IA MaxN IA ,MaxN IA,4 4 4 4 ,x=5 y=29
35x35,4,2,MaxN IA MaxN IA Paranoid IA MaxN IA ,MaxN IA,4 4 4 4 ,x=6 y=22
35x35,4,2,MaxN IA MaxN IA Paranoid IA MaxN IA ,MaxN IA,4 4 4 4 ,x=5 y=29
35x35,4,2,MaxN IA MaxN IA Paranoid IA MaxN IA ,MaxN IA,4 4 4 4 ,x=5 y=29
35x35,4,2,MaxN IA MaxN IA Paranoid IA MaxN IA ,MaxN IA,4 4 4 4 ,x=5 y=29
35x35,4,2,MaxN IA MaxN IA Paranoid IA MaxN IA ,MaxN IA,4 4 4 4 ,x=6 y=22
35x35,4,2,MaxN IA MaxN IA Paranoid IA MaxN IA ,MaxN IA,4 4 4 4 ,x=6 y=22
35x35,4,2,MaxN IA MaxN IA Paranoid IA MaxN IA ,MaxN IA,4 4 4 4 ,x=5 y=29
35x35,4,2,MaxN IA MaxN IA Paranoid IA MaxN IA ,MaxN IA,4 4 4 4 ,x=6 y=22
35x35,4,2,MaxN IA MaxN IA Paranoid IA MaxN IA ,MaxN IA,4 4 4 4 ,x=6 y=22
35x35,4,2,MaxN IA MaxN IA Paranoid IA MaxN IA ,MaxN IA,4 4 4 4 ,x=6 y=22
35x35,4,2,MaxN IA MaxN IA Paranoid IA MaxN IA ,MaxN IA,4 4 4 4 ,x=5 y=29
35x35,4,2,MaxN IA MaxN IA Paranoid IA MaxN IA ,MaxN IA,4 4 4 4 ,x=6 y=22
35x35,4,2,MaxN IA MaxN IA Paranoid IA MaxN IA ,MaxN IA,4 4 4 4 ,x=5 y=29
35x35,4,2,MaxN IA MaxN IA Paranoid IA MaxN IA ,MaxN IA,4 4 4 4 ,x=5 y=29
35x35,4,2,MaxN IA MaxN IA Paranoid IA MaxN IA ,MaxN IA,4 4 4 4 ,x=5 y=29
35x35,4,2,MaxN IA MaxN IA Paranoid IA MaxN IA ,MaxN IA,4 4 4 4 ,x=5 y=29
35x35,4,2,MaxN IA MaxN IA Paranoid IA MaxN IA ,MaxN IA,4 4 4 4 ,x=5 y=29
35x35,4,2,MaxN IA MaxN IA Paranoid IA MaxN IA ,MaxN IA,4 4 4 4 ,x=6 y=22
35x35,4,2,MaxN IA MaxN IA Paranoid IA MaxN IA ,MaxN IA,4 4 4 4 ,x=6 y=22
35x35,4,2,MaxN IA MaxN IA Paranoid IA MaxN IA ,MaxN IA,4 4 4 4 ,x=6 y=22
35x35,4,2,MaxN IA MaxN IA Paranoid IA MaxN IA ,MaxN IA,5 5 5 5 ,x=30 y=33
35x35,4,2,MaxN IA MaxN IA Paranoid IA MaxN IA ,MaxN IA,5 5 5 5 ,x=30 y=33
35x35,4,2,MaxN IA MaxN IA Paranoid IA MaxN IA ,MaxN IA,5 5 5 5 ,x=30 y=25
35x35,4,2,MaxN IA MaxN IA Paranoid IA MaxN IA ,MaxN IA,5 5 5 5 ,x=30 y=33
35x35,4,2,MaxN IA MaxN IA Paranoid IA MaxN IA ,MaxN IA,5 5 5 5 ,x=30 y=33
35x35,4,2,MaxN IA MaxN IA Paranoid IA MaxN IA ,MaxN IA,5 5 5 5 ,x=30 y=25
35x35,4,2,MaxN IA MaxN IA Paranoid IA MaxN IA ,MaxN IA,5 5 5 5 ,x=30 y=25
35x35,4,2,MaxN IA MaxN IA Paranoid IA MaxN IA ,MaxN IA,5 5 5 5 ,x=30 y=25
35x35,4,2,MaxN IA MaxN IA Paranoid IA MaxN IA ,MaxN IA,5 5 5 5 ,x=30 y=25
35x35,4,2,MaxN IA MaxN IA Paranoid IA MaxN IA ,MaxN IA,5 5 5 5 ,x=30 y=33
35x35,4,2,MaxN IA MaxN IA Paranoid IA MaxN IA ,MaxN IA,5 5 5 5 ,x=30 y=33
35x35,4,2,MaxN IA MaxN IA Paranoid IA MaxN IA ,MaxN IA,5 5 5 5 ,x=30 y=33
35x35,4,2,MaxN IA MaxN IA Paranoid IA MaxN IA ,MaxN IA,5 5 5 5 ,x=30 y=33
35x35,4,2,MaxN IA MaxN IA Paranoid IA MaxN IA ,MaxN IA,5 5 5 5 ,x=30 y=33
35x35,4,2,MaxN IA MaxN IA Paranoid IA MaxN IA ,MaxN IA,5 5 5 5 ,x=30 y=33
35x35,4,2,MaxN IA MaxN IA Paranoid IA MaxN IA ,MaxN IA,5 5 5 5 ,x=30 y=25
35x35,4,2,MaxN IA MaxN IA Paranoid IA MaxN IA ,MaxN IA,5 5 5 5 ,x=30 y=33
35x35,4,2,MaxN IA MaxN IA Paranoid IA MaxN IA ,MaxN IA,5 5 5 5 ,x=30 y=25
35x35,4,2,MaxN IA MaxN IA Paranoid IA MaxN IA ,MaxN IA,5 5 5 5 ,x=30 y=33
35x35,4,2,MaxN IA MaxN IA Paranoid IA MaxN IA ,MaxN IA,5 5 5 5 ,x=30 y=33
35x35,4,2,MaxN IA MaxN IA Paranoid IA MaxN IA ,MaxN IA,5 5 5 5 ,x=30 y=33
35x35,4,2,MaxN IA MaxN IA Paranoid IA MaxN IA ,MaxN IA,5 5 5 5 ,x=30 y=33
35x35,4,2,MaxN IA MaxN IA Paranoid IA MaxN IA ,MaxN IA,5 5 5 5 ,x=30 y=33
35x35,4,2,MaxN IA MaxN IA Paranoid IA MaxN IA ,MaxN IA,5 5 5 5 ,x=30 y=25
35x35,4,2,MaxN IA MaxN IA Paranoid IA MaxN IA ,MaxN IA,5 5 5 5 ,x=30 y=33
35x35,4,2,MaxN IA MaxN IA Paranoid IA MaxN IA ,MaxN IA,5 5 5 5 ,x=30 y=33
35x35,4,2,MaxN IA MaxN IA Paranoid IA MaxN IA ,MaxN IA,5 5 5 5 ,x=30 y=25
35x35,4,2,MaxN IA MaxN IA Paranoid IA MaxN IA ,MaxN IA,5 5 5 5 ,x=30 y=33
35x35,4,2,MaxN IA MaxN IA Paranoid IA MaxN IA ,MaxN IA,5 5 5 5 ,x=30 y=33
35x35,4,2,MaxN IA MaxN IA Paranoid IA MaxN IA ,MaxN IA,5 5 5 5 ,x=30 y=25
35x35,4,2,MaxN IA MaxN IA Paranoid IA MaxN IA ,MaxN IA,5 5 5 5 ,x=30 y=25
35x35,4,2,MaxN IA MaxN IA Paranoid IA MaxN IA ,MaxN IA,5 5 5 5 ,x=30 y=25
35x35,4,2,MaxN IA MaxN IA Paranoid IA MaxN IA ,MaxN IA,5 5 5 5 ,x=30 y=33
35x35,4,2,MaxN IA MaxN IA Paranoid IA MaxN IA ,MaxN IA,5 5 5 5 ,x=30 y=33
35x35,4,2,MaxN IA MaxN IA Paranoid IA MaxN IA ,MaxN IA,5 5 5 5 ,x=30 y=33
35x35,4,2,MaxN IA MaxN IA Paranoid IA MaxN IA ,MaxN IA,5 5 5 5 ,x=30 y=33
35x35,4,2,MaxN IA MaxN IA Paranoid IA MaxN IA ,MaxN IA,5 5 5 5 ,x=30 y=25
35x35,4,2,MaxN IA MaxN IA Paranoid IA MaxN IA ,MaxN IA,5 5 5 5 ,x=30 y=25
35x35,4,2,MaxN IA MaxN IA Paranoid IA MaxN IA ,MaxN IA,5 5 5 5 ,x=30 y=33
35x35,4,2,MaxN IA MaxN IA Paranoid IA MaxN IA ,MaxN IA,5 5 5 5 ,x=30 y=33
35x35,4,2,MaxN IA MaxN IA Paranoid IA MaxN IA ,MaxN IA,5 5 5 5 ,x=30 y=33
35x35,4,2,MaxN IA MaxN IA Paranoid IA MaxN IA ,MaxN IA,5 5 5 5 ,x=30 y=33
35x35,4,2,MaxN IA MaxN IA Paranoid IA MaxN IA ,MaxN IA,5 5 5 5 ,x=30 y=33
35x35,4,2,MaxN IA MaxN IA Paranoid IA MaxN IA ,MaxN IA,5 5 5 5 ,x=30 y=33
35x35,4,2,MaxN IA MaxN IA Paranoid IA MaxN IA ,MaxN IA,5 5 5 5 ,x=30 y=33
35x35,4,2,MaxN IA MaxN IA Paranoid IA MaxN IA ,MaxN IA,5 5 5 5 ,x=30 y=25
35x35,4,2,MaxN IA MaxN IA Paranoid IA MaxN IA ,MaxN IA,5 5 5 5 ,x=30 y=33
35x35,4,2,MaxN IA MaxN IA Paranoid IA MaxN IA ,MaxN IA,5 5 5 5 ,x=30 y=33
35x35,4,2,MaxN IA MaxN IA Paranoid IA MaxN IA ,MaxN IA,5 5 5 5 ,x=30 y=33
35x35,4,2,MaxN IA MaxN IA Paranoid IA MaxN IA ,MaxN IA,5 5 5 5 ,x=30 y=33
35x35,4,2,MaxN IA MaxN IA Paranoid IA MaxN IA ,MaxN IA,5 5 5 5 ,x=30 y=33
35x35,4,2,MaxN IA MaxN IA Paranoid IA MaxN IA ,MaxN IA,5 5 5 5 ,x=30 y=25
35x35,4,2,MaxN IA MaxN IA Paranoid IA MaxN IA ,MaxN IA,5 5 5 5 ,x=30 y=25
35x35,4,2,MaxN IA MaxN IA Paranoid IA MaxN IA ,MaxN IA,5 5 5 5 ,x=30 y=25
35x35,4,2,MaxN IA MaxN IA Paranoid IA MaxN IA ,MaxN IA,5 5 5 5 ,x=30 y=33
35x35,4,2,MaxN IA MaxN IA Paranoid IA MaxN IA ,MaxN IA,5 5 5 5 ,x=30 y=25
35x35,4,2,MaxN IA MaxN IA Paranoid IA MaxN IA ,MaxN IA,5 5 5 5 ,x=30 y=33
35x35,4,2,MaxN IA MaxN IA Paranoid IA MaxN IA ,MaxN IA,5 5 5 5 ,x=30 y=33
35x35,4,2,MaxN IA MaxN IA Paranoid IA MaxN IA ,MaxN IA,5 5 5 5 ,x=30 y=33
35x35,4,2,MaxN IA MaxN IA Paranoid IA MaxN IA ,MaxN IA,5 5 5 5 ,x=30 y=33
35x35,4,2,MaxN IA MaxN IA Paranoid IA MaxN IA ,MaxN IA,5 5 5 5 ,x=30 y=33
35x35,4,2,MaxN IA MaxN IA Paranoid IA MaxN IA ,MaxN IA,5 5 5 5 ,x=30 y=33
35x35,4,2,MaxN IA MaxN IA Paranoid IA MaxN IA ,MaxN IA,5 5 5 5 ,x=30 y=33
35x35,4,2,MaxN IA MaxN IA Paranoid IA MaxN IA ,MaxN IA,5 5 5 5 ,x=30 y=33
35x35,4,2,MaxN IA MaxN IA Paranoid IA MaxN IA ,MaxN IA,5 5 5 5 ,x=30 y=33
35x35,4,2,MaxN IA MaxN IA Paranoid IA MaxN IA ,MaxN IA,5 5 5 5 ,x=30 y=33
35x35,4,2,MaxN IA MaxN IA Paranoid IA MaxN IA ,MaxN IA,5 5 5 5 ,x=30 y=33
35x35,4,2,MaxN IA MaxN IA Paranoid IA MaxN IA ,MaxN IA,5 5 5 5 ,x=30 y=33
35x35,4,2,MaxN IA MaxN IA Paranoid IA MaxN IA ,MaxN IA,5 5 5 5 ,x=30 y=33
35x35,4,2,MaxN IA MaxN IA Paranoid IA MaxN IA ,MaxN IA,5 5 5 5 ,x=30 y=25
35x35,4,2,MaxN IA MaxN IA Paranoid IA MaxN IA ,MaxN IA,5 5 5 5 ,x=30 y=25
35x35,4,2,MaxN IA MaxN IA Paranoid IA MaxN IA ,MaxN IA,5 5 5 5 ,x=30 y=33
35x35,4,2,MaxN IA MaxN IA Paranoid IA MaxN IA ,MaxN IA,5 5 5 5 ,x=30 y=25
35x35,4,2,MaxN IA MaxN IA Paranoid IA MaxN IA ,MaxN IA,5 5 5 5 ,x=30 y=33
35x35,4,2,MaxN IA MaxN IA Paranoid IA MaxN IA ,MaxN IA,5 5 5 5 ,x=30 y=25
35x35,4,2,MaxN IA MaxN IA Paranoid IA MaxN IA ,MaxN IA,5 5 5 5 ,x=30 y=33
35x35,4,2,MaxN IA MaxN IA Paranoid IA MaxN IA ,MaxN IA,5 5 5 5 ,x=30 y=33
35x35,4,2,MaxN IA MaxN IA Paranoid IA MaxN IA ,MaxN IA,5 5 5 5 ,x=30 y=33
35x35,4,2,MaxN IA MaxN IA Paranoid IA MaxN IA ,MaxN IA,5 5 5 5 ,x=30 y=33
35x35,4,2,MaxN IA MaxN IA Paranoid IA MaxN IA ,MaxN IA,5 5 5 5 ,x=30 y=25
35x35,4,2,MaxN IA MaxN IA Paranoid IA MaxN IA ,MaxN IA,5 5 5 5 ,x=30 y=33
35x35,4,2,MaxN IA MaxN IA Paranoid IA MaxN IA ,MaxN IA,5 5 5 5 ,x=30 y=33
35x35,4,2,MaxN IA MaxN IA Paranoid IA MaxN IA ,MaxN IA,5 5 5 5 ,x=30 y=33
35x35,4,2,MaxN IA MaxN IA Paranoid IA MaxN IA ,MaxN IA,5 5 5 5 ,x=30 y=25
35x35,4,2,MaxN IA MaxN IA Paranoid IA MaxN IA ,MaxN IA,5 5 5 5 ,x=30 y=33
35x35,4,2,MaxN IA MaxN IA Paranoid IA MaxN IA ,MaxN IA,5 5 5 5 ,x=30 y=33
35x35,4,2,MaxN IA MaxN IA Paranoid IA MaxN IA ,MaxN IA,5 5 5 5 ,x=30 y=33
35x35,4,2,MaxN IA MaxN IA Paranoid IA MaxN IA ,MaxN IA,5 5 5 5 ,x=30 y=33
35x35,4,2,MaxN IA MaxN IA Paranoid IA MaxN IA ,MaxN IA,5 5 5 5 ,x=30 y=25
35x35,4,2,MaxN IA MaxN IA Paranoid IA MaxN IA ,MaxN IA,5 5 5 5 ,x=30 y=33
35x35,4,2,MaxN IA MaxN IA Paranoid IA MaxN IA ,MaxN IA,5 5 5 5 ,x=30 y=25
35x35,4,2,MaxN IA MaxN IA Paranoid IA MaxN IA ,MaxN IA,5 5 5 5 ,x=30 y=33
35x35,4,2,MaxN IA MaxN IA Paranoid IA MaxN IA ,MaxN IA,5 5 5 5 ,x=30 y=25
35x35,4,2,MaxN IA MaxN IA Paranoid IA MaxN IA ,MaxN IA,5 5 5 5 ,x=30 y=25
35x35,4,2,MaxN IA MaxN IA Paranoid IA MaxN IA ,MaxN IA,5 5 5 5 ,x=30 y=33
35x35,4,2,MaxN IA MaxN IA Paranoid IA MaxN IA ,MaxN IA,5 5 5 5 ,x=30 y=33
35x35,4,2,MaxN IA MaxN IA Paranoid IA MaxN IA ,MaxN IA,5 5 5 5 ,x=30 y=33
35x35,4,2,MaxN IA MaxN IA Paranoid IA MaxN IA ,MaxN IA,5 5 5 5 ,x=30 y=33
35x35,4,2,MaxN IA MaxN IA Paranoid IA MaxN IA ,MaxN IA,5 5 5 5 ,x=30 y=33
35x35,4,2,MaxN IA MaxN IA Paranoid IA MaxN IA ,MaxN IA,5 5 5 5 ,x=30 y=33
35x35,4,2,MaxN IA MaxN IA Paranoid IA MaxN IA ,MaxN IA,5 5 5 5 ,x=30 y=33
35x35,4,2,MaxN IA MaxN IA Paranoid IA MaxN IA ,MaxN IA,5 5 5 5 ,x=30 y=33
35x35,4,2,MaxN IA MaxN IA Paranoid IA MaxN IA ,MaxN IA,5 5 5 5 ,x=30 y=25
35x35,4,2,MaxN IA MaxN IA Paranoid IA MaxN IA ,MaxN IA,5 5 5 5 ,x=30 y=33
35x35,4,2,MaxN IA MaxN IA Paranoid IA MaxN IA ,MaxN IA,5 5 5 5 ,x=30 y=33
35x35,4,2,MaxN IA MaxN IA Paranoid IA MaxN IA ,MaxN IA,5 5 5 5 ,x=30 y=33
35x35,4,2,MaxN IA MaxN IA Paranoid IA MaxN IA ,MaxN IA,5 5 5 5 ,x=30 y=33
35x35,4,2,MaxN IA MaxN IA Paranoid IA MaxN IA ,MaxN IA,5 5 5 5 ,x=30 y=33
35x35,4,2,MaxN IA MaxN IA Paranoid IA MaxN IA ,MaxN IA,5 5 5 5 ,x=30 y=33
35x35,4,2,MaxN IA MaxN IA Paranoid IA MaxN IA ,MaxN IA,5 5 5 5 ,x=30 y=33
35x35,4,2,MaxN IA MaxN IA Paranoid IA MaxN IA ,MaxN IA,5 5 5 5 ,x=30 y=33
35x35,4,2,MaxN IA MaxN IA Paranoid IA MaxN IA ,MaxN IA,5 5 5 5 ,x=30 y=33
35x35,4,2,MaxN IA MaxN IA Paranoid IA MaxN IA ,MaxN IA,5 5 5 5 ,x=30 y=33
35x35,4,2,MaxN IA MaxN IA Paranoid IA MaxN IA ,MaxN IA,5 5 5 5 ,x=30 y=33
35x35,4,2,MaxN IA MaxN IA Paranoid IA MaxN IA ,MaxN IA,5 5 5 5 ,x=30 y=33
35x35,4,2,MaxN IA MaxN IA Paranoid IA MaxN IA ,MaxN IA,5 5 5 5 ,x=30 y=33
35x35,4,2,MaxN IA MaxN IA Paranoid IA MaxN IA ,MaxN IA,5 5 5 5 ,x=30 y=33
35x35,4,2,MaxN IA MaxN IA Paranoid IA MaxN IA ,MaxN IA,5 5 5 5 ,x=30 y=33
35x35,4,2,MaxN IA MaxN IA Paranoid IA MaxN IA ,MaxN IA,5 5 5 5 ,x=30 y=33
35x35,4,2,MaxN IA MaxN IA Paranoid IA MaxN IA ,MaxN IA,5 5 5 5 ,x=30 y=33
35x35,4,2,MaxN IA MaxN IA Paranoid IA MaxN IA ,MaxN IA,5 5 5 5 ,x=30 y=33
35x35,4,2,MaxN IA MaxN IA Paranoid IA MaxN IA ,MaxN IA,5 5 5 5 ,x=30 y=33
35x35,4,2,MaxN IA MaxN IA Paranoid IA MaxN IA ,MaxN IA,5 5 5 5 ,x=30 y=25
35x35,4,2,MaxN IA MaxN IA Paranoid IA MaxN IA ,MaxN IA,5 5 5 5 ,x=30 y=33
35x35,4,2,MaxN IA MaxN IA Paranoid IA MaxN IA ,MaxN IA,5 5 5 5 ,x=30 y=25
35x35,4,2,MaxN IA MaxN IA Paranoid IA MaxN IA ,MaxN IA,5 5 5 5 ,x=30 y=33
35x35,4,2,MaxN IA MaxN IA Paranoid IA MaxN IA ,MaxN IA,5 5 5 5 ,x=30 y=25
35x35,4,2,MaxN IA MaxN IA Paranoid IA MaxN IA ,MaxN IA,5 5 5 5 ,x=30 y=25
35x35,4,2,MaxN IA MaxN IA Paranoid IA MaxN IA ,MaxN IA,5 5 5 5 ,x=30 y=33
35x35,4,2,MaxN IA MaxN IA Paranoid IA MaxN IA ,Paranoid IA,5 5 5 5 ,x=13 y=19
35x35,4,2,MaxN IA MaxN IA Paranoid IA MaxN IA ,MaxN IA,5 5 5 5 ,x=30 y=33
35x35,4,2,MaxN IA MaxN IA Paranoid IA MaxN IA ,MaxN IA,5 5 5 5 ,x=30 y=33
35x35,4,2,MaxN IA MaxN IA Paranoid IA MaxN IA ,MaxN IA,5 5 5 5 ,x=30 y=25
35x35,4,2,MaxN IA MaxN IA Paranoid IA MaxN IA ,MaxN IA,5 5 5 5 ,x=30 y=33
35x35,4,2,MaxN IA MaxN IA Paranoid IA MaxN IA ,MaxN IA,5 5 5 5 ,x=30 y=33
35x35,4,2,MaxN IA MaxN IA Paranoid IA MaxN IA ,MaxN IA,5 5 5 5 ,x=30 y=33
35x35,4,2,MaxN IA MaxN IA Paranoid IA MaxN IA ,MaxN IA,5 5 5 5 ,x=30 y=25
35x35,4,2,MaxN IA MaxN IA Paranoid IA MaxN IA ,MaxN IA,5 5 5 5 ,x=30 y=33
35x35,4,2,MaxN IA MaxN IA Paranoid IA MaxN IA ,MaxN IA,5 5 5 5 ,x=30 y=33
35x35,4,2,MaxN IA MaxN IA Paranoid IA MaxN IA ,MaxN IA,5 5 5 5 ,x=30 y=25
35x35,4,2,MaxN IA MaxN IA Paranoid IA MaxN IA ,MaxN IA,5 5 5 5 ,x=30 y=33
35x35,4,2,MaxN IA MaxN IA Paranoid IA MaxN IA ,MaxN IA,5 5 5 5 ,x=30 y=33
35x35,4,2,MaxN IA MaxN IA Paranoid IA MaxN IA ,MaxN IA,5 5 5 5 ,x=30 y=33
35x35,4,2,MaxN IA MaxN IA Paranoid IA MaxN IA ,MaxN IA,5 5 5 5 ,x=30 y=25
35x35,4,2,MaxN IA MaxN IA Paranoid IA MaxN IA ,MaxN IA,5 5 5 5 ,x=30 y=33
35x35,4,2,MaxN IA MaxN IA Paranoid IA MaxN IA ,MaxN IA,5 5 5 5 ,x=30 y=33
35x35,4,2,MaxN IA MaxN IA Paranoid IA MaxN IA ,MaxN IA,5 5 5 5 ,x=30 y=33
35x35,4,2,MaxN IA MaxN IA Paranoid IA MaxN IA ,MaxN IA,5 5 5 5 ,x=30 y=33
35x35,4,2,MaxN IA MaxN IA Paranoid IA MaxN IA ,MaxN IA,5 5 5 5 ,x=30 y=33
35x35,4,2,MaxN IA MaxN IA Paranoid IA MaxN IA ,MaxN IA,5 5 5 5 ,x=30 y=33
35x35,4,2,MaxN IA MaxN IA Paranoid IA MaxN IA ,MaxN IA,6 6 6 6 ,x=31 y=2
35x35,4,2,MaxN IA MaxN IA Paranoid IA MaxN IA ,MaxN IA,6 6 6 6 ,x=10 y=30
35x35,4,2,MaxN IA MaxN IA Paranoid IA MaxN IA ,MaxN IA,6 6 6 6 ,x=31 y=2
35x35,4,2,MaxN IA MaxN IA Paranoid IA MaxN IA ,MaxN IA,6 6 6 6 ,x=10 y=30
35x35,4,2,MaxN IA MaxN IA Paranoid IA MaxN IA ,MaxN IA,6 6 6 6 ,x=31 y=2
35x35,4,2,MaxN IA MaxN IA Paranoid IA MaxN IA ,MaxN IA,6 6 6 6 ,x=31 y=2
35x35,4,2,MaxN IA MaxN IA Paranoid IA MaxN IA ,MaxN IA,6 6 6 6 ,x=31 y=2
35x35,4,2,MaxN IA MaxN IA Paranoid IA MaxN IA ,MaxN IA,6 6 6 6 ,x=31 y=2
35x35,4,2,MaxN IA MaxN IA Paranoid IA MaxN IA ,MaxN IA,6 6 6 6 ,x=31 y=2
35x35,4,2,MaxN IA MaxN IA Paranoid IA MaxN IA ,MaxN IA,6 6 6 6 ,x=31 y=2
35x35,4,2,MaxN IA MaxN IA Paranoid IA MaxN IA ,MaxN IA,6 6 6 6 ,x=31 y=2
35x35,4,2,MaxN IA MaxN IA Paranoid IA MaxN IA ,MaxN IA,6 6 6 6 ,x=31 y=2
35x35,4,2,MaxN IA MaxN IA Paranoid IA MaxN IA ,MaxN IA,6 6 6 6 ,x=31 y=2
35x35,4,2,MaxN IA MaxN IA Paranoid IA MaxN IA ,MaxN IA,6 6 6 6 ,x=31 y=2
35x35,4,2,MaxN IA MaxN IA Paranoid IA MaxN IA ,MaxN IA,6 6 6 6 ,x=31 y=2
35x35,4,2,MaxN IA MaxN IA Paranoid IA MaxN IA ,MaxN IA,6 6 6 6 ,x=31 y=2
35x35,4,2,MaxN IA MaxN IA Paranoid IA MaxN IA ,MaxN IA,6 6 6 6 ,x=31 y=2
35x35,4,2,MaxN IA MaxN IA Paranoid IA MaxN IA ,MaxN IA,6 6 6 6 ,x=31 y=2
35x35,4,2,MaxN IA MaxN IA Paranoid IA MaxN IA ,MaxN IA,6 6 6 6 ,x=31 y=2
35x35,4,2,MaxN IA MaxN IA Paranoid IA MaxN IA ,MaxN IA,6 6 6 6 ,x=31 y=2
35x35,4,2,MaxN IA MaxN IA Paranoid IA MaxN IA ,MaxN IA,6 6 6 6 ,x=31 y=2
35x35,4,2,MaxN IA MaxN IA Paranoid IA MaxN IA ,MaxN IA,6 6 6 6 ,x=31 y=2
35x35,4,2,MaxN IA MaxN IA Paranoid IA MaxN IA ,MaxN IA,6 6 6 6 ,x=31 y=2
35x35,4,2,MaxN IA MaxN IA Paranoid IA MaxN IA ,MaxN IA,6 6 6 6 ,x=31 y=2
35x35,4,2,MaxN IA MaxN IA Paranoid IA MaxN IA ,MaxN IA,6 6 6 6 ,x=31 y=2
35x35,4,2,MaxN IA MaxN IA Paranoid IA MaxN IA ,MaxN IA,6 6 6 6 ,x=10 y=30
35x35,4,2,MaxN IA MaxN IA Paranoid IA MaxN IA ,MaxN IA,6 6 6 6 ,x=31 y=2
35x35,4,2,MaxN IA MaxN IA Paranoid IA MaxN IA ,MaxN IA,6 6 6 6 ,x=31 y=2
35x35,4,2,MaxN IA MaxN IA Paranoid IA MaxN IA ,MaxN IA,6 6 6 6 ,x=31 y=2
35x35,4,2,MaxN IA MaxN IA Paranoid IA MaxN IA ,MaxN IA,6 6 6 6 ,x=31 y=2
35x35,4,2,MaxN IA MaxN IA Paranoid IA MaxN IA ,MaxN IA,6 6 6 6 ,x=31 y=2
35x35,4,2,MaxN IA MaxN IA Paranoid IA MaxN IA ,MaxN IA,6 6 6 6 ,x=31 y=2
35x35,4,2,MaxN IA MaxN IA Paranoid IA MaxN IA ,MaxN IA,6 6 6 6 ,x=10 y=30

35x35,4,2,MaxN IA MaxN IA SOS IA SOS IA ,MaxN IA,1 1 1 1 ,x=29 y=13
35x35,4,2,MaxN IA MaxN IA SOS IA SOS IA ,MaxN IA,1 1 1 1 ,x=32 y=17
35x35,4,2,MaxN IA MaxN IA SOS IA SOS IA ,MaxN IA,1 1 1 1 ,x=29 y=13
35x35,4,2,MaxN IA MaxN IA SOS IA SOS IA ,MaxN IA,1 1 1 1 ,x=32 y=17
35x35,4,2,MaxN IA MaxN IA SOS IA SOS IA ,MaxN IA,1 1 1 1 ,x=32 y=17
35x35,4,2,MaxN IA MaxN IA SOS IA SOS IA ,SOS IA,1 1 1 1 ,x=31 y=14
35x35,4,2,MaxN IA MaxN IA SOS IA SOS IA ,MaxN IA,1 1 1 1 ,x=29 y=13
35x35,4,2,MaxN IA MaxN IA SOS IA SOS IA ,MaxN IA,1 1 1 1 ,x=32 y=17
35x35,4,2,MaxN IA MaxN IA SOS IA SOS IA ,MaxN IA,1 1 1 1 ,x=32 y=17
35x35,4,2,MaxN IA MaxN IA SOS IA SOS IA ,MaxN IA,1 1 1 1 ,x=32 y=17
35x35,4,2,MaxN IA MaxN IA SOS IA SOS IA ,MaxN IA,1 1 1 1 ,x=32 y=17
35x35,4,2,MaxN IA MaxN IA SOS IA SOS IA ,MaxN IA,1 1 1 1 ,x=32 y=17
35x35,4,2,MaxN IA MaxN IA SOS IA SOS IA ,MaxN IA,1 1 1 1 ,x=32 y=17
35x35,4,2,MaxN IA MaxN IA SOS IA SOS IA ,MaxN IA,1 1 1 1 ,x=32 y=17
35x35,4,2,MaxN IA MaxN IA SOS IA SOS IA ,MaxN IA,1 1 1 1 ,x=32 y=17
35x35,4,2,MaxN IA MaxN IA SOS IA SOS IA ,MaxN IA,1 1 1 1 ,x=29 y=13
35x35,4,2,MaxN IA MaxN IA SOS IA SOS IA ,MaxN IA,1 1 1 1 ,x=32 y=17
35x35,4,2,MaxN IA MaxN IA SOS IA SOS IA ,MaxN IA,1 1 1 1 ,x=32 y=17
35x35,4,2,MaxN IA MaxN IA SOS IA SOS IA ,MaxN IA,1 1 1 1 ,x=32 y=17
35x35,4,2,MaxN IA MaxN IA SOS IA SOS IA ,MaxN IA,1 1 1 1 ,x=32 y=17
35x35,4,2,MaxN IA MaxN IA SOS IA SOS IA ,MaxN IA,1 1 1 1 ,x=29 y=13
35x35,4,2,MaxN IA MaxN IA SOS IA SOS IA ,MaxN IA,1 1 1 1 ,x=32 y=17
35x35,4,2,MaxN IA MaxN IA SOS IA SOS IA ,MaxN IA,1 1 1 1 ,x=32 y=17
35x35,4,2,MaxN IA MaxN IA SOS IA SOS IA ,MaxN IA,1 1 1 1 ,x=32 y=17
35x35,4,2,MaxN IA MaxN IA SOS IA SOS IA ,MaxN IA,1 1 1 1 ,x=32 y=17
35x35,4,2,MaxN IA MaxN IA SOS IA SOS IA ,MaxN IA,1 1 1 1 ,x=32 y=17
35x35,4,2,MaxN IA MaxN IA SOS IA SOS IA ,MaxN IA,1 1 1 1 ,x=32 y=17
35x35,4,2,MaxN IA MaxN IA SOS IA SOS IA ,MaxN IA,1 1 1 1 ,x=32 y=17
35x35,4,2,MaxN IA MaxN IA SOS IA SOS IA ,SOS IA,1 1 1 1 ,x=26 y=5
35x35,4,2,MaxN IA MaxN IA SOS IA SOS IA ,MaxN IA,1 1 1 1 ,x=32 y=17
35x35,4,2,MaxN IA MaxN IA SOS IA SOS IA ,MaxN IA,1 1 1 1 ,x=29 y=13
35x35,4,2,MaxN IA MaxN IA SOS IA SOS IA ,MaxN IA,1 1 1 1 ,x=32 y=17
35x35,4,2,MaxN IA MaxN IA SOS IA SOS IA ,MaxN IA,1 1 1 1 ,x=32 y=17
35x35,4,2,MaxN IA MaxN IA SOS IA SOS IA ,MaxN IA,1 1 1 1 ,x=32 y=17
35x35,4,2,MaxN IA MaxN IA SOS IA SOS IA ,MaxN IA,1 1 1 1 ,x=32 y=17
35x35,4,2,MaxN IA MaxN IA SOS IA SOS IA ,MaxN IA,1 1 1 1 ,x=32 y=17
35x35,4,2,MaxN IA MaxN IA SOS IA SOS IA ,MaxN IA,1 1 1 1 ,x=32 y=17
35x35,4,2,MaxN IA MaxN IA SOS IA SOS IA ,MaxN IA,1 1 1 1 ,x=29 y=13
35x35,4,2,MaxN IA MaxN IA SOS IA SOS IA ,MaxN IA,1 1 1 1 ,x=32 y=17
35x35,4,2,MaxN IA MaxN IA SOS IA SOS IA ,MaxN IA,1 1 1 1 ,x=32 y=17
35x35,4,2,MaxN IA MaxN IA SOS IA SOS IA ,MaxN IA,1 1 1 1 ,x=32 y=17
35x35,4,2,MaxN IA MaxN IA SOS IA SOS IA ,MaxN IA,1 1 1 1 ,x=32 y=17
35x35,4,2,MaxN IA MaxN IA SOS IA SOS IA ,MaxN IA,1 1 1 1 ,x=32 y=17
35x35,4,2,MaxN IA MaxN IA SOS IA SOS IA ,MaxN IA,1 1 1 1 ,x=32 y=17
35x35,4,2,MaxN IA MaxN IA SOS IA SOS IA ,MaxN IA,1 1 1 1 ,x=29 y=13
35x35,4,2,MaxN IA MaxN IA SOS IA SOS IA ,MaxN IA,1 1 1 1 ,x=32 y=17
35x35,4,2,MaxN IA MaxN IA SOS IA SOS IA ,MaxN IA,1 1 1 1 ,x=32 y=17
35x35,4,2,MaxN IA MaxN IA SOS IA SOS IA ,MaxN IA,1 1 1 1 ,x=32 y=17
35x35,4,2,MaxN IA MaxN IA SOS IA SOS IA ,MaxN IA,1 1 1 1 ,x=32 y=17
35x35,4,2,MaxN IA MaxN IA SOS IA SOS IA ,MaxN IA,1 1 1 1 ,x=32 y=17
35x35,4,2,MaxN IA MaxN IA SOS IA SOS IA ,MaxN IA,1 1 1 1 ,x=32 y=17
35x35,4,2,MaxN IA MaxN IA SOS IA SOS IA ,MaxN IA,1 1 1 1 ,x=32 y=17
35x35,4,2,MaxN IA MaxN IA SOS IA SOS IA ,MaxN IA,1 1 1 1 ,x=32 y=17
35x35,4,2,MaxN IA MaxN IA SOS IA SOS IA ,MaxN IA,1 1 1 1 ,x=32 y=17
35x35,4,2,MaxN IA MaxN IA SOS IA SOS IA ,MaxN IA,1 1 1 1 ,x=32 y=17
35x35,4,2,MaxN IA MaxN IA SOS IA SOS IA ,MaxN IA,1 1 1 1 ,x=32 y=17
35x35,4,2,MaxN IA MaxN IA SOS IA SOS IA ,MaxN IA,1 1 1 1 ,x=32 y=17
35x35,4,2,MaxN IA MaxN IA SOS IA SOS IA ,MaxN IA,1 1 1 1 ,x=32 y=17
35x35,4,2,MaxN IA MaxN IA SOS IA SOS IA ,MaxN IA,1 1 1 1 ,x=32 y=17
35x35,4,2,MaxN IA MaxN IA SOS IA SOS IA ,MaxN IA,1 1 1 1 ,x=32 y=17
35x35,4,2,MaxN IA MaxN IA SOS IA SOS IA ,MaxN IA,1 1 1 1 ,x=32 y=17
35x35,4,2,MaxN IA MaxN IA SOS IA SOS IA ,MaxN IA,1 1 1 1 ,x=32 y=17
35x35,4,2,MaxN IA MaxN IA SOS IA SOS IA ,MaxN IA,1 1 1 1 ,x=29 y=13
35x35,4,2,MaxN IA MaxN IA SOS IA SOS IA ,MaxN IA,1 1 1 1 ,x=32 y=17
35x35,4,2,MaxN IA MaxN IA SOS IA SOS IA ,MaxN IA,1 1 1 1 ,x=32 y=17
35x35,4,2,MaxN IA MaxN IA SOS IA SOS IA ,MaxN IA,1 1 1 1 ,x=32 y=17
35x35,4,2,MaxN IA MaxN IA SOS IA SOS IA ,MaxN IA,1 1 1 1 ,x=29 y=13
35x35,4,2,MaxN IA MaxN IA SOS IA SOS IA ,MaxN IA,1 1 1 1 ,x=32 y=17
35x35,4,2,MaxN IA MaxN IA SOS IA SOS IA ,MaxN IA,1 1 1 1 ,x=32 y=17
35x35,4,2,MaxN IA MaxN IA SOS IA SOS IA ,MaxN IA,1 1 1 1 ,x=32 y=17
35x35,4,2,MaxN IA MaxN IA SOS IA SOS IA ,MaxN IA,1 1 1 1 ,x=32 y=17
35x35,4,2,MaxN IA MaxN IA SOS IA SOS IA ,MaxN IA,1 1 1 1 ,x=32 y=17
35x35,4,2,MaxN IA MaxN IA SOS IA SOS IA ,MaxN IA,1 1 1 1 ,x=32 y=17
35x35,4,2,MaxN IA MaxN IA SOS IA SOS IA ,MaxN IA,1 1 1 1 ,x=32 y=17
35x35,4,2,MaxN IA MaxN IA SOS IA SOS IA ,MaxN IA,1 1 1 1 ,x=32 y=17
35x35,4,2,MaxN IA MaxN IA SOS IA SOS IA ,MaxN IA,1 1 1 1 ,x=29 y=13
35x35,4,2,MaxN IA MaxN IA SOS IA SOS IA ,MaxN IA,1 1 1 1 ,x=32 y=17
35x35,4,2,MaxN IA MaxN IA SOS IA SOS IA ,MaxN IA,1 1 1 1 ,x=32 y=17
35x35,4,2,MaxN IA MaxN IA SOS IA SOS IA ,MaxN IA,1 1 1 1 ,x=32 y=17
35x35,4,2,MaxN IA MaxN IA SOS IA SOS IA ,SOS IA,1 1 1 1 ,x=31 y=14
35x35,4,2,MaxN IA MaxN IA SOS IA SOS IA ,SOS IA,1 1 1 1 ,x=26 y=5
35x35,4,2,MaxN IA MaxN IA SOS IA SOS IA ,MaxN IA,1 1 1 1 ,x=32 y=17
35x35,4,2,MaxN IA MaxN IA SOS IA SOS IA ,MaxN IA,1 1 1 1 ,x=29 y=13
35x35,4,2,MaxN IA MaxN IA SOS IA SOS IA ,MaxN IA,1 1 1 1 ,x=32 y=17
35x35,4,2,MaxN IA MaxN IA SOS IA SOS IA ,MaxN IA,1 1 1 1 ,x=32 y=17
35x35,4,2,MaxN IA MaxN IA SOS IA SOS IA ,MaxN IA,1 1 1 1 ,x=32 y=17
35x35,4,2,MaxN IA MaxN IA SOS IA SOS IA ,MaxN IA,1 1 1 1 ,x=32 y=17
35x35,4,2,MaxN IA MaxN IA SOS IA SOS IA ,MaxN IA,1 1 1 1 ,x=32 y=17
35x35,4,2,MaxN IA MaxN IA SOS IA SOS IA ,MaxN IA,1 1 1 1 ,x=32 y=17
35x35,4,2,MaxN IA MaxN IA SOS IA SOS IA ,MaxN IA,1 1 1 1 ,x=32 y=17
35x35,4,2,MaxN IA MaxN IA SOS IA SOS IA ,MaxN IA,1 1 1 1 ,x=32 y=17
35x35,4,2,MaxN IA MaxN IA SOS IA SOS IA ,MaxN IA,1 1 1 1 ,x=29 y=13
35x35,4,2,MaxN IA MaxN IA SOS IA SOS IA ,MaxN IA,1 1 1 1 ,x=32 y=17
35x35,4,2,MaxN IA MaxN IA SOS IA SOS IA ,MaxN IA,1 1 1 1 ,x=32 y=17
35x35,4,2,MaxN IA MaxN IA SOS IA SOS IA ,MaxN IA,1 1 1 1 ,x=32 y=17
35x35,4,2,MaxN IA MaxN IA SOS IA SOS IA ,MaxN IA,1 1 1 1 ,x=32 y=17
35x35,4,2,MaxN IA MaxN IA SOS IA SOS IA ,MaxN IA,1 1 1 1 ,x=32 y=17
35x35,4,2,MaxN IA MaxN IA SOS IA SOS IA ,MaxN IA,1 1 1 1 ,x=32 y=17
35x35,4,2,MaxN IA MaxN IA SOS IA SOS IA ,MaxN IA,1 1 1 1 ,x=32 y=17
35x35,4,2,MaxN IA MaxN IA SOS IA SOS IA ,MaxN IA,1 1 1 1 ,x=29 y=13
35x35,4,2,MaxN IA MaxN IA SOS IA SOS IA ,MaxN IA,1 1 1 1 ,x=32 y=17
35x35,4,2,MaxN IA MaxN IA SOS IA SOS IA ,MaxN IA,1 1 1 1 ,x=32 y=17
35x35,4,2,MaxN IA MaxN IA SOS IA SOS IA ,MaxN IA,1 1 1 1 ,x=32 y=17
35x35,4,2,MaxN IA MaxN IA SOS IA SOS IA ,MaxN IA,1 1 1 1 ,x=32 y=17
35x35,4,2,MaxN IA MaxN IA SOS IA SOS IA ,MaxN IA,1 1 1 1 ,x=32 y=17
35x35,4,2,MaxN IA MaxN IA SOS IA SOS IA ,MaxN IA,1 1 1 1 ,x=32 y=17
35x35,4,2,MaxN IA MaxN IA SOS IA SOS IA ,MaxN IA,1 1 1 1 ,x=32 y=17
35x35,4,2,MaxN IA MaxN IA SOS IA SOS IA ,MaxN IA,1 1 1 1 ,x=32 y=17
35x35,4,2,MaxN IA MaxN IA SOS IA SOS IA ,MaxN IA,1 1 1 1 ,x=29 y=13
35x35,4,2,MaxN IA MaxN IA SOS IA SOS IA ,MaxN IA,1 1 1 1 ,x=32 y=17
35x35,4,2,MaxN IA MaxN IA SOS IA SOS IA ,MaxN IA,1 1 1 1 ,x=32 y=17
35x35,4,2,MaxN IA MaxN IA SOS IA SOS IA ,MaxN IA,1 1 1 1 ,x=29 y=13
35x35,4,2,MaxN IA MaxN IA SOS IA SOS IA ,MaxN IA,1 1 1 1 ,x=32 y=17
35x35,4,2,MaxN IA MaxN IA SOS IA SOS IA ,MaxN IA,1 1 1 1 ,x=32 y=17
35x35,4,2,MaxN IA MaxN IA SOS IA SOS IA ,MaxN IA,1 1 1 1 ,x=32 y=17
35x35,4,2,MaxN IA MaxN IA SOS IA SOS IA ,MaxN IA,1 1 1 1 ,x=32 y=17
35x35,4,2,MaxN IA MaxN IA SOS IA SOS IA ,MaxN IA,1 1 1 1 ,x=32 y=17
35x35,4,2,MaxN IA MaxN IA SOS IA SOS IA ,MaxN IA,1 1 1 1 ,x=32 y=17
35x35,4,2,MaxN IA MaxN IA SOS IA SOS IA ,MaxN IA,1 1 1 1 ,x=32 y=17
35x35,4,2,MaxN IA MaxN IA SOS IA SOS IA ,MaxN IA,1 1 1 1 ,x=29 y=13
35x35,4,2,MaxN IA MaxN IA SOS IA SOS IA ,MaxN IA,1 1 1 1 ,x=32 y=17
35x35,4,2,MaxN IA MaxN IA SOS IA SOS IA ,MaxN IA,1 1 1 1 ,x=32 y=17
35x35,4,2,MaxN IA MaxN IA SOS IA SOS IA ,MaxN IA,1 1 1 1 ,x=32 y=17
35x35,4,2,MaxN IA MaxN IA SOS IA SOS IA ,MaxN IA,1 1 1 1 ,x=29 y=13
35x35,4,2,MaxN IA MaxN IA SOS IA SOS IA ,MaxN IA,1 1 1 1 ,x=32 y=17
35x35,4,2,MaxN IA MaxN IA SOS IA SOS IA ,MaxN IA,1 1 1 1 ,x=32 y=17
35x35,4,2,MaxN IA MaxN IA SOS IA SOS IA ,MaxN IA,1 1 1 1 ,x=32 y=17
35x35,4,2,MaxN IA MaxN IA SOS IA SOS IA ,MaxN IA,1 1 1 1 ,x=32 y=17
35x35,4,2,MaxN IA MaxN IA SOS IA SOS IA ,MaxN IA,1 1 1 1 ,x=32 y=17
35x35,4,2,MaxN IA MaxN IA SOS IA SOS IA ,MaxN IA,1 1 1 1 ,x=32 y=17
35x35,4,2,MaxN IA MaxN IA SOS IA SOS IA ,MaxN IA,1 1 1 1 ,x=32 y=17
35x35,4,2,MaxN IA MaxN IA SOS IA SOS IA ,MaxN IA,1 1 1 1 ,x=32 y=17
35x35,4,2,MaxN IA MaxN IA SOS IA SOS IA ,MaxN IA,1 1 1 1 ,x=32 y=17
35x35,4,2,MaxN IA MaxN IA SOS IA SOS IA ,MaxN IA,1 1 1 1 ,x=32 y=17
35x35,4,2,MaxN IA MaxN IA SOS IA SOS IA ,MaxN IA,1 1 1 1 ,x=32 y=17
35x35,4,2,MaxN IA MaxN IA SOS IA SOS IA ,MaxN IA,1 1 1 1 ,x=32 y=17
35x35,4,2,MaxN IA MaxN IA SOS IA SOS IA ,MaxN IA,1 1 1 1 ,x=32 y=17
35x35,4,2,MaxN IA MaxN IA SOS IA SOS IA ,MaxN IA,1 1 1 1 ,x=32 y=17
35x35,4,2,MaxN IA MaxN IA SOS IA SOS IA ,MaxN IA,1 1 1 1 ,x=32 y=17
35x35,4,2,MaxN IA MaxN IA SOS IA SOS IA ,MaxN IA,1 1 1 1 ,x=32 y=17
35x35,4,2,MaxN IA MaxN IA SOS IA SOS IA ,MaxN IA,1 1 1 1 ,x=32 y=17
35x35,4,2,MaxN IA MaxN IA SOS IA SOS IA ,MaxN IA,1 1 1 1 ,x=29 y=13
35x35,4,2,MaxN IA MaxN IA SOS IA SOS IA ,MaxN IA,1 1 1 1 ,x=32 y=17
35x35,4,2,MaxN IA MaxN IA SOS IA SOS IA ,MaxN IA,1 1 1 1 ,x=32 y=17
35x35,4,2,MaxN IA MaxN IA SOS IA SOS IA ,MaxN IA,1 1 1 1 ,x=32 y=17
35x35,4,2,MaxN IA MaxN IA SOS IA SOS IA ,MaxN IA,1 1 1 1 ,x=29 y=13
35x35,4,2,MaxN IA MaxN IA SOS IA SOS IA ,MaxN IA,1 1 1 1 ,x=32 y=17
35x35,4,2,MaxN IA MaxN IA SOS IA SOS IA ,MaxN IA,1 1 1 1 ,x=32 y=17
35x35,4,2,MaxN IA MaxN IA SOS IA SOS IA ,MaxN IA,1 1 1 1 ,x=29 y=13
35x35,4,2,MaxN IA MaxN IA SOS IA SOS IA ,MaxN IA,1 1 1 1 ,x=32 y=17
35x35,4,2,MaxN IA MaxN IA SOS IA SOS IA ,MaxN IA,2 2 2 2 ,x=17 y=5
35x35,4,2,MaxN IA MaxN IA SOS IA SOS IA ,MaxN IA,2 2 2 2 ,x=24 y=24
35x35,4,2,MaxN IA MaxN IA SOS IA SOS IA ,MaxN IA,2 2 2 2 ,x=24 y=24
35x35,4,2,MaxN IA MaxN IA SOS IA SOS IA ,MaxN IA,2 2 2 2 ,x=24 y=24
35x35,4,2,MaxN IA MaxN IA SOS IA SOS IA ,MaxN IA,2 2 2 2 ,x=24 y=24
35x35,4,2,MaxN IA MaxN IA SOS IA SOS IA ,MaxN IA,2 2 2 2 ,x=24 y=24
35x35,4,2,MaxN IA MaxN IA SOS IA SOS IA ,MaxN IA,2 2 2 2 ,x=17 y=5
35x35,4,2,MaxN IA MaxN IA SOS IA SOS IA ,MaxN IA,2 2 2 2 ,x=17 y=5
35x35,4,2,MaxN IA MaxN IA SOS IA SOS IA ,MaxN IA,2 2 2 2 ,x=17 y=5
35x35,4,2,MaxN IA MaxN IA SOS IA SOS IA ,MaxN IA,2 2 2 2 ,x=24 y=24
35x35,4,2,MaxN IA MaxN IA SOS IA SOS IA ,MaxN IA,2 2 2 2 ,x=17 y=5
35x35,4,2,MaxN IA MaxN IA SOS IA SOS IA ,SOS IA,2 2 2 2 ,x=28 y=14
35x35,4,2,MaxN IA MaxN IA SOS IA SOS IA ,MaxN IA,2 2 2 2 ,x=24 y=24
35x35,4,2,MaxN IA MaxN IA SOS IA SOS IA ,MaxN IA,2 2 2 2 ,x=24 y=24
35x35,4,2,MaxN IA MaxN IA SOS IA SOS IA ,MaxN IA,2 2 2 2 ,x=24 y=24
35x35,4,2,MaxN IA MaxN IA SOS IA SOS IA ,MaxN IA,2 2 2 2 ,x=24 y=24
35x35,4,2,MaxN IA MaxN IA SOS IA SOS IA ,MaxN IA,2 2 2 2 ,x=24 y=24
35x35,4,2,MaxN IA MaxN IA SOS IA SOS IA ,MaxN IA,2 2 2 2 ,x=24 y=24
35x35,4,2,MaxN IA MaxN IA SOS IA SOS IA ,MaxN IA,2 2 2 2 ,x=24 y=24
35x35,4,2,MaxN IA MaxN IA SOS IA SOS IA ,MaxN IA,2 2 2 2 ,x=24 y=24
35x35,4,2,MaxN IA MaxN IA SOS IA SOS IA ,MaxN IA,2 2 2 2 ,x=24 y=24
35x35,4,2,MaxN IA MaxN IA SOS IA SOS IA ,MaxN IA,2 2 2 2 ,x=17 y=5
35x35,4,2,MaxN IA MaxN IA SOS IA SOS IA ,MaxN IA,2 2 2 2 ,x=24 y=24
35x35,4,2,MaxN IA MaxN IA SOS IA SOS IA ,MaxN IA,2 2 2 2 ,x=24 y=24
35x35,4,2,MaxN IA MaxN IA SOS IA SOS IA ,MaxN IA,2 2 2 2 ,x=24 y=24
35x35,4,2,MaxN IA MaxN IA SOS IA SOS IA ,MaxN IA,2 2 2 2 ,x=24 y=24
35x35,4,2,MaxN IA MaxN IA SOS IA SOS IA ,MaxN IA,2 2 2 2 ,x=24 y=24
35x35,4,2,MaxN IA MaxN IA SOS IA SOS IA ,MaxN IA,2 2 2 2 ,x=24 y=24
35x35,4,2,MaxN IA MaxN IA SOS IA SOS IA ,MaxN IA,2 2 2 2 ,x=24 y=24
35x35,4,2,MaxN IA MaxN IA SOS IA SOS IA ,MaxN IA,2 2 2 2 ,x=17 y=5
35x35,4,2,MaxN IA MaxN IA SOS IA SOS IA ,MaxN IA,2 2 2 2 ,x=24 y=24
35x35,4,2,MaxN IA MaxN IA SOS IA SOS IA ,MaxN IA,2 2 2 2 ,x=24 y=24
35x35,4,2,MaxN IA MaxN IA SOS IA SOS IA ,MaxN IA,2 2 2 2 ,x=17 y=5
35x35,4,2,MaxN IA MaxN IA SOS IA SOS IA ,MaxN IA,2 2 2 2 ,x=24 y=24
35x35,4,2,MaxN IA MaxN IA SOS IA SOS IA ,MaxN IA,2 2 2 2 ,x=17 y=5
35x35,4,2,MaxN IA MaxN IA SOS IA SOS IA ,MaxN IA,2 2 2 2 ,x=24 y=24
35x35,4,2,MaxN IA MaxN IA SOS IA SOS IA ,MaxN IA,2 2 2 2 ,x=24 y=24
35x35,4,2,MaxN IA MaxN IA SOS IA SOS IA ,MaxN IA,2 2 2 2 ,x=17 y=5
35x35,4,2,MaxN IA MaxN IA SOS IA SOS IA ,MaxN IA,2 2 2 2 ,x=24 y=24
35x35,4,2,MaxN IA MaxN IA SOS IA SOS IA ,MaxN IA,2 2 2 2 ,x=24 y=24
35x35,4,2,MaxN IA MaxN IA SOS IA SOS IA ,MaxN IA,2 2 2 2 ,x=24 y=24
35x35,4,2,MaxN IA MaxN IA SOS IA SOS IA ,MaxN IA,2 2 2 2 ,x=24 y=24
35x35,4,2,MaxN IA MaxN IA SOS IA SOS IA ,MaxN IA,2 2 2 2 ,x=17 y=5
35x35,4,2,MaxN IA MaxN IA SOS IA SOS IA ,MaxN IA,2 2 2 2 ,x=24 y=24
35x35,4,2,MaxN IA MaxN IA SOS IA SOS IA ,MaxN IA,2 2 2 2 ,x=24 y=24
35x35,4,2,MaxN IA MaxN IA SOS IA SOS IA ,MaxN IA,2 2 2 2 ,x=17 y=5
35x35,4,2,MaxN IA MaxN IA SOS IA SOS IA ,MaxN IA,2 2 2 2 ,x=24 y=24
35x35,4,2,MaxN IA MaxN IA SOS IA SOS IA ,MaxN IA,2 2 2 2 ,x=24 y=24
35x35,4,2,MaxN IA MaxN IA SOS IA SOS IA ,MaxN IA,2 2 2 2 ,x=24 y=24
35x35,4,2,MaxN IA MaxN IA SOS IA SOS IA ,MaxN IA,2 2 2 2 ,x=24 y=24
35x35,4,2,MaxN IA MaxN IA SOS IA SOS IA ,MaxN IA,2 2 2 2 ,x=24 y=24
35x35,4,2,MaxN IA MaxN IA SOS IA SOS IA ,MaxN IA,2 2 2 2 ,x=17 y=5
35x35,4,2,MaxN IA MaxN IA SOS IA SOS IA ,MaxN IA,2 2 2 2 ,x=24 y=24
35x35,4,2,MaxN IA MaxN IA SOS IA SOS IA ,MaxN IA,2 2 2 2 ,x=17 y=5
35x35,4,2,MaxN IA MaxN IA SOS IA SOS IA ,MaxN IA,2 2 2 2 ,x=17 y=5
35x35,4,2,MaxN IA MaxN IA SOS IA SOS IA ,MaxN IA,2 2 2 2 ,x=24 y=24
35x35,4,2,MaxN IA MaxN IA SOS IA SOS IA ,MaxN IA,2 2 2 2 ,x=24 y=24
35x35,4,2,MaxN IA MaxN IA SOS IA SOS IA ,MaxN IA,2 2 2 2 ,x=24 y=24
35x35,4,2,MaxN IA MaxN IA SOS IA SOS IA ,MaxN IA,2 2 2 2 ,x=24 y=24
35x35,4,2,MaxN IA MaxN IA SOS IA SOS IA ,MaxN IA,2 2 2 2 ,x=24 y=24
35x35,4,2,MaxN IA MaxN IA SOS IA SOS IA ,MaxN IA,2 2 2 2 ,x=24 y=24
35x35,4,2,MaxN IA MaxN IA SOS IA SOS IA ,MaxN IA,2 2 2 2 ,x=24 y=24
35x35,4,2,MaxN IA MaxN IA SOS IA SOS IA ,MaxN IA,2 2 2 2 ,x=24 y=24
35x35,4,2,MaxN IA MaxN IA SOS IA SOS IA ,MaxN IA,2 2 2 2 ,x=24 y=24
35x35,4,2,MaxN IA MaxN IA SOS IA SOS IA ,MaxN IA,2 2 2 2 ,x=24 y=24
35x35,4,2,MaxN IA MaxN IA SOS IA SOS IA ,MaxN IA,2 2 2 2 ,x=24 y=24
35x35,4,2,MaxN IA MaxN IA SOS IA SOS IA ,MaxN IA,2 2 2 2 ,x=24 y=24
35x35,4,2,MaxN IA MaxN IA SOS IA SOS IA ,MaxN IA,2 2 2 2 ,x=17 y=5
35x35,4,2,MaxN IA MaxN IA SOS IA SOS IA ,MaxN IA,2 2 2 2 ,x=24 y=24
35x35,4,2,MaxN IA MaxN IA SOS IA SOS IA ,MaxN IA,2 2 2 2 ,x=24 y=24
35x35,4,2,MaxN IA MaxN IA SOS IA SOS IA ,MaxN IA,2 2 2 2 ,x=24 y=24
35x35,4,2,MaxN IA MaxN IA SOS IA SOS IA ,SOS IA,2 2 2 2 ,x=31 y=8
35x35,4,2,MaxN IA MaxN IA SOS IA SOS IA ,MaxN IA,2 2 2 2 ,x=24 y=24
35x35,4,2,MaxN IA MaxN IA SOS IA SOS IA ,MaxN IA,2 2 2 2 ,x=17 y=5
35x35,4,2,MaxN IA MaxN IA SOS IA SOS IA ,MaxN IA,2 2 2 2 ,x=24 y=24
35x35,4,2,MaxN IA MaxN IA SOS IA SOS IA ,MaxN IA,2 2 2 2 ,x=17 y=5
35x35,4,2,MaxN IA MaxN IA SOS IA SOS IA ,MaxN IA,2 2 2 2 ,x=24 y=24
35x35,4,2,MaxN IA MaxN IA SOS IA SOS IA ,MaxN IA,2 2 2 2 ,x=24 y=24
35x35,4,2,MaxN IA MaxN IA SOS IA SOS IA ,MaxN IA,2 2 2 2 ,x=24 y=24
35x35,4,2,MaxN IA MaxN IA SOS IA SOS IA ,MaxN IA,2 2 2 2 ,x=24 y=24
35x35,4,2,MaxN IA MaxN IA SOS IA SOS IA ,MaxN IA,2 2 2 2 ,x=24 y=24
35x35,4,2,MaxN IA MaxN IA SOS IA SOS IA ,MaxN IA,2 2 2 2 ,x=24 y=24
35x35,4,2,MaxN IA MaxN IA SOS IA SOS IA ,MaxN IA,2 2 2 2 ,x=17 y=5
35x35,4,2,MaxN IA MaxN IA SOS IA SOS IA ,MaxN IA,2 2 2 2 ,x=24 y=24
35x35,4,2,MaxN IA MaxN IA SOS IA SOS IA ,MaxN IA,2 2 2 2 ,x=17 y=5
35x35,4,2,MaxN IA MaxN IA SOS IA SOS IA ,MaxN IA,2 2 2 2 ,x=24 y=24
35x35,4,2,MaxN IA MaxN IA SOS IA SOS IA ,MaxN IA,2 2 2 2 ,x=24 y=24
35x35,4,2,MaxN IA MaxN IA SOS IA SOS IA ,MaxN IA,2 2 2 2 ,x=24 y=24
35x35,4,2,MaxN IA MaxN IA SOS IA SOS IA ,MaxN IA,2 2 2 2 ,x=24 y=24
35x35,4,2,MaxN IA MaxN IA SOS IA SOS IA ,MaxN IA,2 2 2 2 ,x=24 y=24
35x35,4,2,MaxN IA MaxN IA SOS IA SOS IA ,MaxN IA,2 2 2 2 ,x=17 y=5
35x35,4,2,MaxN IA MaxN IA SOS IA SOS IA ,MaxN IA,2 2 2 2 ,x=24 y=24
35x35,4,2,MaxN IA MaxN IA SOS IA SOS IA ,MaxN IA,2 2 2 2 ,x=24 y=24
35x35,4,2,MaxN IA MaxN IA SOS IA SOS IA ,MaxN IA,2 2 2 2 ,x=24 y=24
35x35,4,2,MaxN IA MaxN IA SOS IA SOS IA ,MaxN IA,2 2 2 2 ,x=24 y=24
35x35,4,2,MaxN IA MaxN IA SOS IA SOS IA ,MaxN IA,2 2 2 2 ,x=17 y=5
35x35,4,2,MaxN IA MaxN IA SOS IA SOS IA ,MaxN IA,2 2 2 2 ,x=17 y=5
35x35,4,2,MaxN IA MaxN IA SOS IA SOS IA ,MaxN IA,2 2 2 2 ,x=24 y=24
35x35,4,2,MaxN IA MaxN IA SOS IA SOS IA ,MaxN IA,2 2 2 2 ,x=24 y=24
35x35,4,2,MaxN IA MaxN IA SOS IA SOS IA ,MaxN IA,2 2 2 2 ,x=24 y=24
35x35,4,2,MaxN IA MaxN IA SOS IA SOS IA ,MaxN IA,2 2 2 2 ,x=24 y=24
35x35,4,2,MaxN IA MaxN IA SOS IA SOS IA ,MaxN IA,2 2 2 2 ,x=24 y=24
35x35,4,2,MaxN IA MaxN IA SOS IA SOS IA ,MaxN IA,2 2 2 2 ,x=17 y=5
35x35,4,2,MaxN IA MaxN IA SOS IA SOS IA ,MaxN IA,2 2 2 2 ,x=24 y=24
35x35,4,2,MaxN IA MaxN IA SOS IA SOS IA ,MaxN IA,2 2 2 2 ,x=24 y=24
35x35,4,2,MaxN IA MaxN IA SOS IA SOS IA ,MaxN IA,2 2 2 2 ,x=24 y=24
35x35,4,2,MaxN IA MaxN IA SOS IA SOS IA ,MaxN IA,2 2 2 2 ,x=24 y=24
35x35,4,2,MaxN IA MaxN IA SOS IA SOS IA ,MaxN IA,2 2 2 2 ,x=17 y=5
35x35,4,2,MaxN IA MaxN IA SOS IA SOS IA ,MaxN IA,2 2 2 2 ,x=24 y=24
35x35,4,2,MaxN IA MaxN IA SOS IA SOS IA ,MaxN IA,2 2 2 2 ,x=24 y=24
35x35,4,2,MaxN IA MaxN IA SOS IA SOS IA ,MaxN IA,2 2 2 2 ,x=24 y=24
35x35,4,2,MaxN IA MaxN IA SOS IA SOS IA ,MaxN IA,2 2 2 2 ,x=24 y=24
35x35,4,2,MaxN IA MaxN IA SOS IA SOS IA ,MaxN IA,2 2 2 2 ,x=24 y=24
35x35,4,2,MaxN IA MaxN IA SOS IA SOS IA ,MaxN IA,2 2 2 2 ,x=24 y=24
35x35,4,2,MaxN IA MaxN IA SOS IA SOS IA ,MaxN IA,2 2 2 2 ,x=24 y=24
35x35,4,2,MaxN IA MaxN IA SOS IA SOS IA ,MaxN IA,2 2 2 2 ,x=24 y=24
35x35,4,2,MaxN IA MaxN IA SOS IA SOS IA ,MaxN IA,2 2 2 2 ,x=24 y=24
35x35,4,2,MaxN IA MaxN IA SOS IA SOS IA ,MaxN IA,2 2 2 2 ,x=17 y=5
35x35,4,2,MaxN IA MaxN IA SOS IA SOS IA ,MaxN IA,2 2 2 2 ,x=24 y=24
35x35,4,2,MaxN IA MaxN IA SOS IA SOS IA ,MaxN IA,2 2 2 2 ,x=24 y=24
35x35,4,2,MaxN IA MaxN IA SOS IA SOS IA ,MaxN IA,2 2 2 2 ,x=24 y=24
35x35,4,2,MaxN IA MaxN IA SOS IA SOS IA ,MaxN IA,2 2 2 2 ,x=24 y=24
35x35,4,2,MaxN IA MaxN IA SOS IA SOS IA ,MaxN IA,2 2 2 2 ,x=24 y=24
35x35,4,2,MaxN IA MaxN IA SOS IA SOS IA ,MaxN IA,2 2 2 2 ,x=17 y=5
35x35,4,2,MaxN IA MaxN IA SOS IA SOS IA ,MaxN IA,2 2 2 2 ,x=24 y=24
35x35,4,2,MaxN IA MaxN IA SOS IA SOS IA ,MaxN IA,2 2 2 2 ,x=17 y=5
35x35,4,2,MaxN IA MaxN IA SOS IA SOS IA ,MaxN IA,2 2 2 2 ,x=24 y=24
35x35,4,2,MaxN IA MaxN IA SOS IA SOS IA ,MaxN IA,2 2 2 2 ,x=24 y=24
35x35,4,2,MaxN IA MaxN IA SOS IA SOS IA ,SOS IA,2 2 2 2 ,x=31 y=8
35x35,4,2,MaxN IA MaxN IA SOS IA SOS IA ,MaxN IA,2 2 2 2 ,x=24 y=24
35x35,4,2,MaxN IA MaxN IA SOS IA SOS IA ,MaxN IA,2 2 2 2 ,x=24 y=24
35x35,4,2,MaxN IA MaxN IA SOS IA SOS IA ,MaxN IA,2 2 2 2 ,x=17 y=5
35x35,4,2,MaxN IA MaxN IA SOS IA SOS IA ,MaxN IA,2 2 2 2 ,x=24 y=24
35x35,4,2,MaxN IA MaxN IA SOS IA SOS IA ,MaxN IA,2 2 2 2 ,x=24 y=24
35x35,4,2,MaxN IA MaxN IA SOS IA SOS IA ,MaxN IA,2 2 2 2 ,x=24 y=24
35x35,4,2,MaxN IA MaxN IA SOS IA SOS IA ,MaxN IA,2 2 2 2 ,x=24 y=24
35x35,4,2,MaxN IA MaxN IA SOS IA SOS IA ,MaxN IA,2 2 2 2 ,x=24 y=24
35x35,4,2,MaxN IA MaxN IA SOS IA SOS IA ,MaxN IA,2 2 2 2 ,x=17 y=5
35x35,4,2,MaxN IA MaxN IA SOS IA SOS IA ,MaxN IA,2 2 2 2 ,x=24 y=24
35x35,4,2,MaxN IA MaxN IA SOS IA SOS IA ,MaxN IA,2 2 2 2 ,x=17 y=5
35x35,4,2,MaxN IA MaxN IA SOS IA SOS IA ,MaxN IA,2 2 2 2 ,x=24 y=24
35x35,4,2,MaxN IA MaxN IA SOS IA SOS IA ,MaxN IA,2 2 2 2 ,x=24 y=24
35x35,4,2,MaxN IA MaxN IA SOS IA SOS IA ,MaxN IA,2 2 2 2 ,x=24 y=24
35x35,4,2,MaxN IA MaxN IA SOS IA SOS IA ,MaxN IA,2 2 2 2 ,x=24 y=24
35x35,4,2,MaxN IA MaxN IA SOS IA SOS IA ,MaxN IA,2 2 2 2 ,x=24 y=24
35x35,4,2,MaxN IA MaxN IA SOS IA SOS IA ,MaxN IA,2 2 2 2 ,x=24 y=24
35x35,4,2,MaxN IA MaxN IA SOS IA SOS IA ,MaxN IA,2 2 2 2 ,x=24 y=24
35x35,4,2,MaxN IA MaxN IA SOS IA SOS IA ,MaxN IA,2 2 2 2 ,x=24 y=24
35x35,4,2,MaxN IA MaxN IA SOS IA SOS IA ,MaxN IA,2 2 2 2 ,x=17 y=5
35x35,4,2,MaxN IA MaxN IA SOS IA SOS IA ,MaxN IA,2 2 2 2 ,x=24 y=24
35x35,4,2,MaxN IA MaxN IA SOS IA SOS IA ,MaxN IA,3 3 3 3 ,x=5 y=23
35x35,4,2,MaxN IA MaxN IA SOS IA SOS IA ,MaxN IA,3 3 3 3 ,x=6 y=21
35x35,4,2,MaxN IA MaxN IA SOS IA SOS IA ,MaxN IA,3 3 3 3 ,x=6 y=21
35x35,4,2,MaxN IA MaxN IA SOS IA SOS IA ,MaxN IA,3 3 3 3 ,x=6 y=21
35x35,4,2,MaxN IA MaxN IA SOS IA SOS IA ,MaxN IA,3 3 3 3 ,x=6 y=21
35x35,4,2,MaxN IA MaxN IA SOS IA SOS IA ,MaxN IA,3 3 3 3 ,x=6 y=21
35x35,4,2,MaxN IA MaxN IA SOS IA SOS IA ,MaxN IA,3 3 3 3 ,x=6 y=21
35x35,4,2,MaxN IA MaxN IA SOS IA SOS IA ,MaxN IA,3 3 3 3 ,x=6 y=21
35x35,4,2,MaxN IA MaxN IA SOS IA SOS IA ,MaxN IA,3 3 3 3 ,x=5 y=23
35x35,4,2,MaxN IA MaxN IA SOS IA SOS IA ,MaxN IA,3 3 3 3 ,x=6 y=21
35x35,4,2,MaxN IA MaxN IA SOS IA SOS IA ,MaxN IA,3 3 3 3 ,x=6 y=21
35x35,4,2,MaxN IA MaxN IA SOS IA SOS IA ,MaxN IA,3 3 3 3 ,x=6 y=21
35x35,4,2,MaxN IA MaxN IA SOS IA SOS IA ,MaxN IA,3 3 3 3 ,x=6 y=21
35x35,4,2,MaxN IA MaxN IA SOS IA SOS IA ,MaxN IA,3 3 3 3 ,x=6 y=21
35x35,4,2,MaxN IA MaxN IA SOS IA SOS IA ,MaxN IA,3 3 3 3 ,x=6 y=21
35x35,4,2,MaxN IA MaxN IA SOS IA SOS IA ,MaxN IA,3 3 3 3 ,x=5 y=23
35x35,4,2,MaxN IA MaxN IA SOS IA SOS IA ,MaxN IA,3 3 3 3 ,x=6 y=21
35x35,4,2,MaxN IA MaxN IA SOS IA SOS IA ,MaxN IA,3 3 3 3 ,x=6 y=21
35x35,4,2,MaxN IA MaxN IA SOS IA SOS IA ,MaxN IA,3 3 3 3 ,x=6 y=21
35x35,4,2,MaxN IA MaxN IA SOS IA SOS IA ,MaxN IA,3 3 3 3 ,x=6 y=21
35x35,4,2,MaxN IA MaxN IA SOS IA SOS IA ,MaxN IA,3 3 3 3 ,x=6 y=21
35x35,4,2,MaxN IA MaxN IA SOS IA SOS IA ,SOS IA,3 3 3 3 ,x=33 y=31
35x35,4,2,MaxN IA MaxN IA SOS IA SOS IA ,MaxN IA,1 1 4 4 ,x=2 y=7
